ID,Usu√°rio,Tweet,Seguidores,Polaridade,Subjetividade,Sentimento
1069641668201259009,bangduart,CAI SE FUDER QUE ODIO ESSA FILHA DA PUTA ME SEGUIU NA CONTA DA LEI DA ATRA√á√ÉO FILHA DA OUTA DESGRA√áADA DO CARALHO V‚Ä¶ https://t.co/FBqGgUhBPd,1330,-0.6000000000000001,0.7749999999999999,Negativo
4598394496,gustavogosta,"Puta que o pariu, tem um filho da puta fazendo campanha num som alto do caralho falando da derrota da esquerda, vai se fuder.",946,-0.019999999999999997,0.52,Negativo
1131891467239219201,fckbooo,@reggiesart @Torronelinda Ele √© um filho da puta do caralho Vai se fude Eu s√≥ queria meia hora de soco na cara do D‚Ä¶ https://t.co/PlPJoRT7r2,309,-0.3888888888888889,0.5222222222222223,Negativo
1154493222946779137,jajairado,"@jotamaranhaoo Man, pare pfvr, se n√£o eu vou pra essa porra e vc vai ter que d√° uma sugada SEU FILHO DE UMA PUTA",107,-0.2,0.8,Negativo
1313257756825128960,LucasAn86633811,"@CarlosBolsonaro Mas pq vai chutar algo que √© verdadeiro seu filho da puta, na internet √© mach√£o na hora de encarar‚Ä¶ https://t.co/1We2MVsNbm",1,0.35,0.65,Negativo
1247683713976225793,brocolis67,"que porra de baleia azul caralho, ningu√©m vai me mandar me matar n√£o, toma no cu so as vozes da minha cabe√ßa tem es‚Ä¶ https://t.co/5p6ClrNGl1",21,0.0,0.1,Negativo
3296413939,Gabriel00231213,"@yetz1 Filho da puta ainda saiu rindo, enquanto o karsa saiu chorando pra krl . Jogador que √© eliminado assim √© n√£o‚Ä¶ https://t.co/FaDhuAxB3h",19,-0.1,0.3,Negativo
960930153642815488,almeidinhxs,N√£o existe coisa que me deixa mais puta do que homem espancando mulher VAI SE FUDER bando de FILHO DA PUTA,815,0.04999999999999999,0.55,Negativo
992215489307906048,huwflepuff,"esse papo de ‚Äúo cliente sempre tem raz√£o‚Äù √© um saco, povo acha que pode fazer o que quiser e falar o que quiser que‚Ä¶ https://t.co/IEps0LdnyJ",1086,-0.007142857142857145,0.4178571428571428,Negativo
1296860455416233985,nipackin,"@PINKBABYSHY eu disse que vai ser filho da puta sim tem gente que se preocupa com vc, vc vai s√≥ sumir sem dar notic‚Ä¶ https://t.co/m9tGA8AErv",26,0.0,0.0,Neutro
1009908806640381958,smithereenszz,"@VickAOpressora √â impressionante como voc√™ fala merda, cara. Voc√™ s√≥ mexe esses teus dedos pra escrever bosta, puta‚Ä¶ https://t.co/lKAKzY0CIT",305,0.0666666666666667,0.8333333333333334,Negativo
2485897495,thebadposts,a velho vai toma no cu filha da puta o Ed Sheeran √© um dos maiores compositores que existem com um dos melhores √°lb‚Ä¶ https://t.co/iky2sjSrQc,2778,0.7000000000000001,0.5,Negativo
1293661585194590208,aomondai,"imagina vc SER um FILHA DA PUTA QUE FICA FAZENDO PIADA COM A MORTE DE UM CARA, ""aI DeVe S√≥ Ter TrAvAdO""   VAI SE FU‚Ä¶ https://t.co/rE53r8fptA",115,0.0,1.0,Negativo
168733993,FernandoKalango,"""Tu quer que eu baixe na canetada?¬†Voc√™ quer que eu tabele?¬†Se voc√™ quer que eu tabele, eu tabelo. Mas voc√™ vai com‚Ä¶ https://t.co/w0npJUMLC7",350,0.0,0.0,Neutro
980511631162728448,kra_yoh,namore comigo e ganhe um filho da puta chato feio artogante que n√£o sabe demontrar sentomentos vai terminar contigo‚Ä¶ https://t.co/xOAolIefjF,666,-0.7999999999999999,1.0,Negativo
319851442,shmlessz,a puta que pariu nao aguento mais sofrer vai se fuder eu fa√ßo isso cmg pq eu gosto DA DOR https://t.co/Z6A31we30D,7864,0.04999999999999999,0.55,Negativo
1290701590333194240,VItorPK807,"RAPEIZE, ESSE NEGOCIO DE BALEIA AZUL √â O CARALHO, VAI TOMAR NO CU SE VIM COM NEGOCIO DE BALEIA PRA MIM, QUERO VER F‚Ä¶ https://t.co/tdNAH1luJY",1,-0.3,0.45,Negativo
890959727462686724,manipuliara,"Dica se hoje: n seja gado de mulher preta que reproduz racismo, ela continua sendo uma filha da puta √© tu, preto, q‚Ä¶ https://t.co/NghDAVntwn",419,-0.16666666666666666,0.43333333333333335,Negativo
1245095481669226501,ziggyreborn1,@DireitaBrasil @jdoriajr Os paulista tem mais que tomar no cu mesmo. Tomara que o estado ainda ganhe o processo. Va‚Ä¶ https://t.co/XdKwv9VSHc,167,0.4,0.35,Negativo
1203817123484700672,tailjnha,o jogo √© so as 18h15???????? ????? vao se fude nessa porra vai toma no cu nessa porra quem inventou de ter jogo qua‚Ä¶ https://t.co/IV0KQVfOHT,110,-0.26666666666666666,0.6666666666666666,Negativo
891457244671430656,AghataG18,FILHA DA PUTA LINDA DO CARALHO OLHA S√ì PRA ESSA BELEZA MEUS AMIGOS TOMA NO CU QUE BELEZA DIVINA PELO AMOR DE DEUS S‚Ä¶ https://t.co/ypjbdczK0h,304,0.033333333333333326,0.7333333333333334,Positivo
1245223427205664770,dictpoesie,S√©rio que baleia azul voltou? Vai se foder vey chega em mim pra voc√™ ver se eu n√£o te enterro no n√∫cleo da terra filho da puta,11116,-0.18333333333333335,0.3416666666666667,Negativo
1235347187544051722,bitchzur,vc que inventou essa moda do png vai tomar no seu cu seu filho da puta eu n√£o consigo fazer essa merda n√£o e novame‚Ä¶ https://t.co/YhvD3cvsQO,6518,-0.2,0.8,Negativo
926878641451163648,ogabrielno,"baleia azul √© a sua m√£e, seu vagabundo. vai procurar um emprego, vai capinar um lote, vai lavar os pratos, arruma t‚Ä¶ https://t.co/Yt0I7bgNcF",85,0.0,0.1,Negativo
1160809154459635712,natacitouofc,"VEZ E EU J√Å PUTO PRA CARALHO PUXEI PELO CABELO E COLOQUEI NO BANCO E FALEI: SE SEGURA AN√ÉO FILHO DA PUTA, VAI FICAR‚Ä¶ https://t.co/79apwy9zI7",225,-0.16666666666666666,0.6,Negativo
192740272,BADEUZ_,finalmente liberei os filhos da noite puta que pariu demorado pra caralho essa merda se fuder,940,-0.2125,0.7250000000000001,Negativo
1315377270991794180,bamonsalvatorex,"ai sinceramente esse pessoal que fica com essas brincadeiras idiotas de baleia azul s√£o tudo uns filho da puta, o m‚Ä¶ https://t.co/ddnhXd9U49",219,-0.055555555555555546,0.47777777777777786,Negativo
883484585308418048,RMartinzZz03,"Tava stalkeando a @debdrosa agora e puta merda que gata do cacete mano, vao olhar a foto de perfil dela mano que li‚Ä¶ https://t.co/VPY52FfLE5",517,0.042857142857142844,0.6678571428571429,Positivo
914532306802630657,GruchThiago,"Mano que √≥dio como as coisas s√£o injustas, um bando de filho da puta v√£o se encontrar sem m√°scara se pegando as 3 d‚Ä¶ https://t.co/s0FYXQsjis",51,-0.65,0.95,Negativo
1208063869446434819,maju_mandaliti,"eu amo a forma que o karma negativo funciona, pode demorar um ano, vai o que voc√™ fez de errado vai virar contra vc‚Ä¶ https://t.co/A2QgsBsXb8",143,-0.09999999999999999,0.6333333333333333,Negativo
1243337771747627009,feyreachdear,VAI SE FUDE ESSA PORRA DE baleia azul BEM QUE EU TAVA SUSPEITANDO QUE OUTUBRO TAVA MUITO PARADO. VAI PUTA QUE PARIU SEU FILHO DA PUTA,410,-0.26666666666666666,0.5,Negativo
728635556658352128,gothspaghett,eu odeiOO FA DE LIL PEEP VAI SE FUDER SUA CRIANCA FILHA DA PUTA DE TREZE ANOS CARALHOOOOOOOOOOOOOOOO ENFIA O MONSTE‚Ä¶ https://t.co/nuU4hHPI6w,190,-0.35416666666666663,0.49999999999999994,Negativo
3063295463,GabriellCrook,"@uchihadocaralh0 pra que privar? √© s√≥ eu falar fodase, n√£o quero jogar, vai se fuder, enfia esse jogo do caralho filho da puta no cu",114,-0.4000000000000001,0.5333333333333333,Negativo
1294788660550828033,wooprfect,vem com essa de baleia azul pra cima de mim que eu meto a porrada vei slk sobrevivi ate agr pra vir um filho da put‚Ä¶ https://t.co/HyvvNtXXXu,3280,-0.1,0.45,Negativo
1201985994062548994,jaehyungogh_,vem com essa de baleia azul pra cima de mim que eu meto a porrada vei slk sobrevivi ate agr pra vir um filho da put‚Ä¶ https://t.co/oRFXjpPbxc,3032,0.0,0.1,Negativo
898332637730926594,anakinvxder,quem foi o filho de uma puta que colocou inseto na cabe√ßa da mulher na minha tl vai se foder t√¥ toda travada com gastura,2534,-0.4,0.6,Negativo
1310351586833698817,wizardxrusso,karoku filho da puta abusivo do caralho some da vida do nai sem mais nem menos e ainda quer mandar nas amizade dele‚Ä¶ https://t.co/hfjPQNvQ3C,11,0.2,0.1,Negativo
1079874284749815809,gabriiel_bohrer,@sou1libertario @FelipecOjeda Eu s√≥ quero viver o melhor poss√≠vel.  Se votar em um filho da puta (pol√≠tico) que vai‚Ä¶ https://t.co/0XaL9O73cf,123,0.37878787878787873,0.3,Positivo
1099178026242314240,eiowska,QUERO MAIS √â QHE SE FODA FILHO DA PUTA DO CARALHO ARROMBADO DA PORRA IDIOTA NOSSA VAI SE FUDE MALUKO QUE ODIO SERIO‚Ä¶ https://t.co/NvQXEhWABd,10,-0.3,0.62,Negativo
1059826447555141632,BornToSave_BTS,esses filho da puta nao se contentam com furar a quarentena e nao usar mascara eles tem que fazer barulho pra incom‚Ä¶ https://t.co/MOuyGkqjbn,1445,0.0,0.0,Negativo
1140045381184761856,FB_duh_corte,"Vai se fuder seu filho da puta uma hora dessa falando merda , ele n√£o √©, e nunca vai ser melhor do que o Miteiro ‚ù§Ô∏èüñ§ https://t.co/Yg9j2it5Fh",249,-0.03333333333333336,0.6333333333333333,Negativo
909438571500724226,botwiththerod,"Voc√™ j√° tem v√°rios outros o que comprova mesmo √© que colocaram uns sprite horroroso, diminu√≠ram mapa em troca de fa‚Ä¶ https://t.co/gZf2kQ0iDO",38,-0.2333333333333333,0.3333333333333333,Negativo
827321387916394500,canday4pple,"Puta que pariu pq c****** militante √© t√£o insuport√°vel??????  Vai se fuder porra, a vida de vcs n√£o gira em torno d‚Ä¶ https://t.co/eALMV4JIMO",222,-0.30000000000000004,0.7,Negativo
911256941141340161,sereiaadoya,"@HarpiaMetal @ligeirinho_mike @pagufrida @FotosDeFatos Vai Tomar No Se C√∫ Filha Da Puta,crist√£o de merda voc√™s n√£o‚Ä¶ https://t.co/3elwBNWov5",135,-0.1,0.4,Negativo
317267451,icarocsa,"@RodrigoMaia Seu filho da puta v√° colocar em pauta as MPs e trepar com sua porca e largue de se meter no executivo,‚Ä¶ https://t.co/acdgjET3jO",42,0.0,0.0,Negativo
1319489515959046145,psycheons,oq me da mais raiva eh que sempre vai ser assim usam ele pra ganhar likes mas pra apoiar ele os trabalhos solos del‚Ä¶ https://t.co/Iw0KjKHnPk,42,0.8,0.4,Negativo
1165063044961054720,nahbeah,Tem hrs que eu sinto uma falta desse filho da puta vai se fud√™,70,-0.4,0.6,Negativo
1200746519412006912,itsjokebitch,vai se fude cu da buceta do caralho do inferno da porra da puta que pariu do saco,481,-0.5333333333333333,0.7333333333333334,Negativo
1086301891108184065,feellswellsy,Vai que ela ainda estivesse viva e puxasse minha camisa? Ou pior: tentasse me puxar para debaixo d‚Äô√°gua?  VAI TOMAR‚Ä¶ https://t.co/0izOJOEIPQ,1870,-0.15000000000000002,0.5,Negativo
1277776841240203267,natsupng,"@sweetxbitterxx @itsmecanddie PORRA VAI TOMAR NO MEIO DO SEU CU, IDIOTA DO CARALHO  TU N√ÉO V√ä QUE ELE T√Å MAL? PORRA‚Ä¶ https://t.co/W8uFV6nxk0",717,-0.6,0.65,Negativo
1213106967989768192,annaluannyg,"√â impressionante como voc√™ fala merda, cara. Voc√™ s√≥ mexe esses teus dedos pra escrever bosta, puta que pariu caral‚Ä¶ https://t.co/Q6j6T7Xha5",5,0.0666666666666667,0.8333333333333334,Negativo
1287512146981593088,_lilkusho,ODEIO O GAARA VAI SE FUDER ODEIO MORRE SEU FILHO DA PUTA MORRE SEU DESGRA√áADO RID√çCULO ESPERO QUE VC SOFRA üñïüñïüñïüñïüñïüñïüñïüñïüñïüñïüñïüñïüñïüñïüñïüñïüñïüñïüñïüñïüñïüñïüñïüñïüñïüñïüñïüñï,7,-0.5833333333333334,0.85,Negativo
1314303173545336869,artiejks,"V√âI SE ALGM TE MATAR NO AMONG, E VC TIVER JOGANDO JUNTO COM UM AMG &gt;N√ÉO&lt; FALA QUEM MATOU. ISSO ACABA COM A GRA√áA DO‚Ä¶ https://t.co/8xeMpCeJud",260,0.0,0.0,Neutro
1250124356375674888,mrprince01303,"tabelinha de palavr√µes de 0 a 10, quanto voc√™ usa?  vai tomar no cu: 9 porra: 7 caralho: 10 buceta: 3 puta que pari‚Ä¶ https://t.co/GxAojJ9MSh",60,-0.025000000000000022,0.6,Negativo
1247670491315396608,_cabecadealga_,"tabelinha de palavr√µes de 0 a 10, quanto voc√™ usa?  vai tomar no cu: 9 porra: 10 caralho: 10 buceta: 5 puta que par‚Ä¶ https://t.co/O7FDFp54f3",371,-0.20000000000000004,0.4666666666666666,Negativo
934420966599528448,kishiingari,"tabelinha de palavr√µes de 0 a 10, quanto voc√™ usa?  vai tomar no cu: 10 porra: 10 caralho: 10 buceta: 4 puta que pa‚Ä¶ https://t.co/fdfOQwaOf2",1714,-0.20000000000000004,0.4666666666666666,Negativo
884897117449355264,fineswiftie,"tabelinha de palavr√µes de 0 a 10, quanto voc√™ usa?  vai tomar no cu: 10 porra: 10 caralho: 10 buceta: 1 puta que pa‚Ä¶ https://t.co/D7ZFSPnPKo",1487,-0.20000000000000004,0.4666666666666666,Negativo
1125539812625330177,Fimosehead,"como que pode as cagada do akira que gato cag√£o da porra ele caga muito fedido, faz mais de 20 minutos, ainda ta fe‚Ä¶ https://t.co/z0htaMO0sS",1307,-0.10000000000000002,0.675,Negativo
4153208356,perolajoy,"ah, vai se fuder que eu t√¥ em casa direto fazem 8 meses e vc PRECISA dar rol√™ com os seus amigos e BeBeR pq vc √© um‚Ä¶ https://t.co/6IXjP7oYlb",64,-0.1,0.5,Negativo
1434117655,lenastx,Eu Nunca... √© uma puta s√©rie porque tu acha que vai rir com um clich√™ adolescente mas acaba chorando igual uma vaga‚Ä¶ https://t.co/JHSKOcBPZj,310,0.22500000000000003,0.3625,Positivo
973749423967752192,louistcurve,"VAI TOMAR NO MEIO DO OLHO DO CU, ELA LITERALMENTE ACABOU DE DESCOBRIR QUE O JEM &gt;MORREU&lt;, E TR4NS0U COM O WILL NEM‚Ä¶ https://t.co/wOIvXU5ve1",1317,0.0,0.0,Negativo
750812135417085953,ParaSempreAnnik,"que lindo a fam√≠lia se unindo pra fazer o casamento acontecer, amei o plano da debbie de noiva kkk o pai do mickey‚Ä¶ https://t.co/NuNNuZ2sLd",1878,0.7749999999999999,0.9,Positivo
1221062034617446400,littlemeawgi,MIMADO DO CARALHO ELE AGORA TINHA QUE DEIXAR AS PESSOAS MORREREM PRA NAONTE DEIXAR MAGOADINHO SEU FILHO DA PUTA EGO‚Ä¶ https://t.co/Babm3SkqqR,691,-0.19999999999999998,0.6499999999999999,Negativo
1214647916301824003,gamirandola1,"vai todo mundo se fuder, to feliz, pra vc que √© militante branco de tt, chupa meu pau filha da puta",60,0.13333333333333333,0.5333333333333333,Positivo
969307806087172096,armys_doidas,"Os militares de plant√£o vindo a√≠ ..... gente meus Tweets quase nem pegam 10 favs por isso respondi, pq eu achei que‚Ä¶ https://t.co/QlN2Or2Yj5",886,-0.19583333333333336,0.3208333333333333,Negativo
2301288511,TriniDemDrey,Uns vizinhos FILHA DA PUTA falando mais alto que a PUTA QUE PARIU as 02:25 da manh√£ que MIZERAAAAAAAAAAAAA SE FUDER PUTA MERDA,236,-0.20000000000000004,0.4666666666666666,Negativo
1081796986397966336,seoji4eva,cara eu t√¥ puta pensando nas respostas que j√° me deram quando eu falei sobre meu nervosismo p falar... √© impression‚Ä¶ https://t.co/8KDhBbHUrY,714,0.0,0.0,Negativo
1147693931569831937,analaurasgata,"@alicebbraga que filha da puta mano, vai se fuder",249,-0.4,0.6,Negativo
1080240942597263365,gscnat,"seloco mano........ ouvir algu√©m falar que abuso √© NORMAL traz uma porrada de sentimentos ruins, vai se fuder mano‚Ä¶ https://t.co/aIoAgFCI8n",502,-0.3166666666666666,0.6388888888888888,Negativo
1231360998659018756,swcalisto,@ohseduct üíåÀÄÀÄ @-ah! se eu te pego &gt;&lt; eu sento tanto ‚ô°... ‚Éï  nesse seu pau rosado „Öã„Öã que voc√™ vai gemer ‚òÅÔ∏è t√£o alto‚Ä¶ https://t.co/GMRW7rYMZe,2268,0.0,0.0,Positivo
907801972715253761,ILRuschel,FILHO DA PUTA QUE DIRIGE BEBADO E POE EM RISCO A VIDA DE OUTRAS PESSOAS VAI TOMAR NO SEU CU QUER MORRER SE JOGA DE UMA RIBANCEIRA,258,-0.125,0.375,Negativo
1221116030560489473,RIPotavioxi,O menino quer me * mas n√£o quer comprar a * e ainda disse que se eu quisesse eu que compraria???????? Quem vai * √©‚Ä¶ https://t.co/ozYNAISB0S,65,0.2,0.1,Positivo
1094011598077865985,JuliaPupio,Sinto que me apeguei dmais a vc e crie uma depend√™ncia emocional muito fudida‚ú®agora voc√™ t√° cagando‚ú®e eu chorando f‚Ä¶ https://t.co/EHduDsohFl,136,-0.06666666666666667,0.6983333333333334,Negativo
945348162243432448,creatifkoo,"que se foda tudo tamb√©m, vai tomar no cu filho da puta vai se foder vai pra casa do caralho que merda se fode se fode porra",3734,-0.36666666666666664,0.6333333333333334,Negativo
765013070599127045,Lilis_txt,O √ìDIO QUE EU TO DELA AGORA N√ÉO TEM COMO SER COLOCADO EM PALAVRAS PUTA QUE PARIU MENINA CHATA DA PORRA SE FUDER,172,-0.7333333333333334,0.8333333333333334,Negativo
1032643617347842049,sympanmoony,EU VOU PEGAR E ESFREGAR A CABE√áA DESSA CRIAN√áA NOS ASFALTO  ENFIA ESSA BOMBINHA QUE VOC√ä ESTA TANCANDO  A ESSA HORA‚Ä¶ https://t.co/ILxsesTejf,1107,0.0,0.0,Negativo
1266231158720925696,FBEMM3,"Vao aparecer v√°rias fases , v√°rias pessoas uma delas vao te marcar , a vida vai te derrubar 1.000x , mais isso tudo‚Ä¶ https://t.co/VAy5rYhPZv",342,-0.051851851851851864,0.09629629629629631,Negativo
1184233986308096000,Ravenaaa6,Mano... vai toma no CU vai se FUDE vai pra casa do CARALHO filho da PUTA ARROMBADO CARALHO MERDA BOSTA BUCETA CU QUE PORRA,103,-0.36,0.64,Negativo
1304902782340812800,talvezlouco,"@VickAOpressora Maria, eu sei que voc√™ treme Sempre que o Galo vai jogar Eu vi Riascos ir pra bola E o Victor de bi‚Ä¶ https://t.co/TF51jCrGLK",27,0.0,0.0,Neutro
1052798708,Amassyxups,Idade n√£o define maturidade mas vai se fuder a diferen√ßa √© fugir da regra vai ser crian√ßa estupida na puta que pariu,895,-0.6,0.8,Negativo
1217803875144601601,luanhen20152707,Penteei a porrra do meu cabelo na porra do √≥dio do filha da puta que pegou vai se fuder,141,-0.6,0.7666666666666667,Negativo
4913890354,hiteteco,N√ÉO GOSTA DE PALAVR√ÉO?  CU CARALHO PORRA BUCETA PINTO √â.. BUCET√ÉO ME AJUDA JO√ÉO CARLOS FILHA DA PUTA PUTA QUE PARIU‚Ä¶ https://t.co/cH6uMWAlgF,294,0.0,0.0,Negativo
1274838586240745473,pipebritto_,"@kiradyeus @joeyvoir text√£o oq seu filha da puta, gasto no max 30seg fazendo esses ‚Äútext√£o‚Äù, tu faz follow trick e‚Ä¶ https://t.co/hnGuTphEdM",157,-0.1,0.1,Negativo
946843270050648069,esquesoyvasca,porra merda cu buceta caralho filho da puta me perda puta que pariu caralho porra vai se foder,486,-0.35,0.65,Negativo
1174257011753664514,alemarmitada,"@gcfkthsunshine ele disse literalmente isso: vai ser surtado na casa do caralho, nao nas minhas mantions.  eu posta‚Ä¶ https://t.co/bIdIZdLIW2",1132,-0.6,0.8,Negativo
1156249682789765121,rafaveiga30,ler no tt que quem n√£o usa camisa oficial do time n√£o √© torcedor de verdade foi uma das coisas que mais me deixou p‚Ä¶ https://t.co/7btjZ5zke7,206,-0.05,0.15000000000000002,Negativo
75012431,SergioBotelhobr,@RodrigoMaia Vai tomar no cu corruPTo filho da puta! Que se foda no quinto dos infernos Chileno vagabundo!,420,-0.5,0.6,Negativo
1241401092942028806,Luh_Manchester,"Pprt se um dia eu tiver um filho, fazer de tudo pro o pai dele n√£o ser escroto que nem o meu primo, que larga o fil‚Ä¶ https://t.co/oIl6OcHFBB",463,0.0,0.0,Neutro
1278464987019857921,dolphining,garoto se eu te pego eu sento tanto nesse teu pau rosado vc vai gemer tao alto que o som vai ultrapassar a estratos‚Ä¶ https://t.co/DkmOqWKFhr,661,0.23333333333333336,0.4666666666666666,Positivo
3053539425,_CScarpelli,"Ucraniano, russo, mongol, etc s√£o l√≠nguas lindas, puta que pariu   MAAAAS vai se fuder que pron√∫ncia dif√≠cil, a pio‚Ä¶ https://t.co/XwdWZlHEAg",74,-0.012500000000000011,0.65,Negativo
163723696,alebasib,- vai se fuder  - seu grandess√≠ssimo filho da puta  - coitado do Fa√≠sca - de ter que te aguentar https://t.co/BNXfcnZWoR,204,0.0,0.65,Negativo
803032298719444992,BulletClubIta,"""Controlar a doen√ßa a gente controla, mas e pra controlar a fome""   Ah n√£o man√©, vai se foder olha a merda que esse‚Ä¶ https://t.co/7okzKv2RpP",10051,-0.4,0.6,Negativo
1253037785134628866,R0LLlNGTHUND3R,@pastheticz @baldkurapikagf enfia tr√™s ventilador no cu caralho eu te odeio tanto vai se fode mete uma tora de made‚Ä¶ https://t.co/mtpoBT4GtC,365,-0.6000000000000001,0.75,Negativo
1303730733723377672,solecupid,üíåÀÄÀÄ @-ah! se eu te pego &gt;&lt; eu swnto tanto ‚ô°... ‚Éï  nesse seu pau rosado „Öã„Öã que voc√™ vai gemer ‚òÅÔ∏è t√£o alto que o som‚Ä¶ https://t.co/VyuzGm3CY0,3068,0.0,0.0,Positivo
946382505338339328,govitor,[24/10 23:28] Bruno Sirino: QUE MERDA √â ESSA CARALHO? [24/10 23:28] Bruno Sirino: Vai se foder men√≥ [24/10 23:28] B‚Ä¶ https://t.co/VasDu8dhoc,202,-0.4000000000000001,0.6,Negativo
1107366098469560320,LaraSchwenne,"Caralho, inspira√ß√£o vem do al√©m mesmo, acabei de terminar a reescrita da √∫ltima reda√ß√£o que a sora passou, sobre ca‚Ä¶ https://t.co/BJLLxoW4Kf",258,-0.2,0.3333333333333333,Negativo
148147107,michelleanelli,"Minha vo s√≥ √© boa pra minha tia primo e prima quando eles precisam de dinheiro, quando n√£o precisam, eles querem qu‚Ä¶ https://t.co/GGWKLvxZge",70,0.35,0.8,Positivo
762971448780652544,Ib__Me,minha audi√ß√£o √© boa pra caralho se tem um carro na puta que pariu eu escuto O PROBLEMA √â ESSA PORRA DE CHURRASCO AS 23 HORAS DA NOITE,1707,0.04999999999999999,0.7000000000000001,Negativo
938165959512162304,BTScene_BR,ME DESCULPA OS PALAVR√ïES GENTE MAS EU JURO QUE EU N√ÉO AGUENTO MAIS ESSE FILHO DA PUTA DO TWITTER SE ELE DERRUBASSE‚Ä¶ https://t.co/YLBbMlBLlL,26742,0.225,0.275,Negativo
887811096639361025,angelusvb,"@jairbolsonaro Maluco vai tomar no teu cu, foi por esse posicionamento anti-vacina que tu provavelmente virou esse‚Ä¶ https://t.co/PVDwkK5NB8",244,0.0,0.0,Negativo
1083915981074911234,renanight_,@edweirdohtr Agora se for quem teve mais votos morre instantaneamente quem tiver mais valores morais e bom car√°ter‚Ä¶ https://t.co/Do96khwWFf,57,0.33999999999999997,0.5033333333333333,Positivo
1267185571929169920,Lisy65697663,piggy vai toma no cu eu te odeio sua desgra√ßada filha da puta estragou o roblox esses merda de pet tamb√©m que vcs t‚Ä¶ https://t.co/Zzikcqe5Il,4,-0.5,0.8500000000000001,Negativo
3534900256,zlucaslacet,eu: prometo falar menos palavr√£o.  qualquer cs me irrita*  eu: vai se fuder filho da puta arrombado pq tu n√£o vai p puta que te pariu,32,-0.3416666666666667,0.41666666666666663,Negativo
726464762498957313,EXOLYXIN,vai se foder todo mundo que falou mal do taeyong do baekhyun e mark seus bando de filho da puta tomara que exploda boa noite üòç,8280,-0.0666666666666667,0.7333333333333334,Negativo
1292238565036953601,yoomin90s,@_lunasolar VAI SE FUDER TOMA NO CU ENFIA UM ROJ√ÉO NO CU E EXPLODE QUE FILHA DA PUTA,510,-0.5,0.7,Negativo
803741713349177344,Felipe_art3,"@jelplol claro que o filha da puta vai tentar se desculpar depois, vc tem √© que se fuder seu merda",5,-0.20000000000000004,0.4666666666666666,Negativo
1254459912899440640,villevante_,"a√≠ eu s√≥ acho desnecess√°rio, quiser espumar, espuma na tua casa, se ele se sentiu incomodado com oq vc fez, vc n√£o‚Ä¶ https://t.co/0Ovj4lJDsx",332,-0.45,0.95,Negativo
786579779663327233,Brunao13Galo,Se n√£o gosta de palavr√£o que me silencie.  Pq essa desgra√ßa desse time n√£o vai da em nada. Sasha filho da puta. Mar‚Ä¶ https://t.co/GsnJBwJXAS,3139,-0.6999999999999998,0.6666666666666666,Negativo
950095550350790661,pinkforboys,vai se fude filho da puta vc enfia a sua mao dentro do cu e faz do re mi fa se nao tem o que fazer mas nao me irrita,161,-0.4,0.6,Negativo
1063504117614690304,OtakuCabassauro,@Kkkaralh @HellPistol @KakaxeRataque Se o filho da puta vai pagar 5K num console pra parcelar em 72 vezes ele tem que se fuder mesmo,15,-0.4,0.6,Negativo
884228942869254146,_Dulliuss,"mano vai se fuder, que raiva eu sinto de gente que coloca TUDO NO DIMINUTIVO ""queria comer uma pipoquinha"", ""fiz as‚Ä¶ https://t.co/glkkqWfgGA",1404,-0.55,0.4,Negativo
1208893688539230208,camile132802,@jiminofilter Aqui uma army que faz boxe üòó‚úå e que se v√™ aquele filho da puta vai fazer ele comer o asfalto at√© ele vira gente,1501,0.0,0.0,Negativo
998374371478704128,campodepapoulas,NA MORAL SE VC √â MINHA PROFESSORA DE PROGRAMA√á√ÉO EU ESPERO QUE VC SE FODA PQ EU TINHA AULA COM O REGIS NAO COM VC.‚Ä¶ https://t.co/v8lGqDx0jk,174,-0.2,0.425,Negativo
1083085897195761672,jayhaein,n√£o √© t√£o bonito √© o buraco do teu cu que eu vou metralhar sua filha da puta desnecess√°ria da porra o vai toma no t‚Ä¶ https://t.co/Ji9XTX5UFm,985,0.22499999999999998,0.95,Negativo
1280951195784355840,valentimsallow,"EU QUERO QUE V√Å SE FUDER ESSE FILHO DA PUTA DE MERDA, ESPERO QUE QUEIME NO FOGO DO INFERNO ESSA PRAGA FILHA DO CAPI‚Ä¶ https://t.co/EE9NauKaGn",90,-0.30000000000000004,0.7,Negativo
1000470546684039169,xlaurabranco,ATEN√á√ÉO V√ÉO TIRAR JARDIM DE METEOROS DA NETFLIX  VAI SE FUDER NETFLIX PUTA QUE PARIU,306,-0.5,0.7,Negativo
1258393313067118597,declanlyynch,"@imgansey Dick, olhe para minha cara e diga se voc√™ acha que eu tenho cara de quem vai esperar o ‚Äúkarma‚Äù agir com o‚Ä¶ https://t.co/yV5BnJocdD",118,0.0,0.0,Neutro
1067470758706900993,carpnterxtony,@lilyevnsart VAI DE FUDER FILHA DA PUTA HEJEJDID QUE ODIO VAI SE FERRAR FRACASSADA FALIDA https://t.co/L9N0pSiOfb,654,-0.4666666666666666,0.5333333333333333,Negativo
992460992763301888,eu_naely,"n gosta de palavr√£o? cu caralho porra buceta pinto √©, bucetao me ajuda joao carlos filha da puta puta que pariu car‚Ä¶ https://t.co/Oyrs4Vk81Q",2347,-0.5666666666666665,0.6888888888888888,Negativo
881148239193485313,coronoso,em extremo √≥dio por ter que aturar todo fim de semana uma crian√ßa aleat√≥ria fazendo barulho com a crian√ßa habitual‚Ä¶ https://t.co/lOrmkTnsjI,91,-0.2916666666666667,0.5833333333333334,Negativo
1175609982198456322,TaylorS2012,"professor veio passar uma atividade de fazer um site completo e o corno deu s√≥ uma aula e n√£o passou anda vey, nada‚Ä¶ https://t.co/aEHN07yjHA",114,0.05,0.7,Positivo
1210605495859470337,jungkth,Mano que cara filha da puta vai se foder seu bosta do caralho eu te odeio porra que cu deixa eles serem felizes seu‚Ä¶ https://t.co/2fHGjhU9OV,2838,-0.20000000000000004,0.78,Negativo
1299782503813840896,TK00JC,PUTA QUE PARIU CARALHO NOSSA VAI SE FODER FILHO DA PUTAAAAA ME MAMA https://t.co/63HSD0ALN7,116,-0.4666666666666666,0.6333333333333333,Negativo
1178160372492247041,ttdamafeee,@Nardoniin @joaoaksnes QUE FILHO DA PUTA VAI SE FODER SEU VIADO Q ODIO PUTO AAAAAAAAA,572,0.0,0.0,Negativo
1008510229984743426,Filipitwo,"Aquela famosa frase n√©  ISSO SEMPRE TEM UM FILHA DA PUTA DESGRA√áADO QUE PARECE QUE TEM DOEN√áA,VAI TOMAR NO MEIO DO‚Ä¶ https://t.co/nppd8DN19L",173,0.2589285714285714,0.6339285714285714,Negativo
41035662,danielfoscarini,@dulcemattos Sim cara. Porra. Vai se foder. Que loco mais filho da puta. N√£o d√°.,677,-0.4666666666666666,0.7000000000000001,Negativo
825070995946008578,standtalex,justin bieber voc√™ √© um filho da puta talentoso do caralho vai se foder que √≥dio,10039,-0.6,0.7666666666666666,Negativo
1173456152337833987,enzit0_,"nao fica sofrendo pelo desinteresse de outra pessoa nao porra, vai viver tua vida de um jeito que vc se sinta confo‚Ä¶ https://t.co/WwBI7wGJKQ",53,0.21818181818181817,0.65,Positivo
83048568,rafa_xarror,"@Coritiba Vai tomar no cu!!! Jorginho, Samir e o bando de filha da puta que baba ovo deles! Se fuder!",158,-0.5,0.6,Negativo
1591963838,DrunkPercabeth,Ah vai se fuder ja to puta da vida que eu quero dar uma porrada em algu√©m,1382,-0.012500000000000011,0.675,Negativo
1973314388,GustavoKindrat1,"@Coritiba Vai toma no cu seu t√©cnico filho da puta mano vai toma no cu tem que da porrada nesse cara, um t√° ligado‚Ä¶ https://t.co/mP8Q3ePhCt",431,-0.4,0.6,Negativo
1084539559344517120,yoonsxxy,"Os antis nem escondem, cara. O Corpse j√° GANHOU os dez mil pra doar, mas o povo INSISTE EM ENCHER O SACO S√ì PORQUE‚Ä¶ https://t.co/8w5T72uDmE",1214,0.0,0.0,Neutro
1682031457,tchallamc,"O Robson √© melhor jogador do Coxa, o cara marca, bate falta, p√™nalti, paga sal√°rio, vende cachorro quente na porta‚Ä¶ https://t.co/hjrWYPDJA5",580,0.625,0.5750000000000001,Positivo
1230994682685120512,pjmarticc,vai se fuder maldito filho da puta irrinh√≥ do caralho tomara que te persigam na rua seu pocot√≥ do caralho doente de‚Ä¶ https://t.co/1p4ildOnnl,2054,-0.540357142857143,0.7314285714285714,Negativo
1180501817706332166,ttaehystage,@hourlyhanjisung puta que pariu filha da puta do caralho vai se fuder,2458,-0.30000000000000004,0.7,Negativo
1243245597299179522,miaucomunist,@jairbolsonaro Bolsonaro vai toma no meio do seu cu seu arrombado do caralho filho da puta do cacete mama meu pau s‚Ä¶ https://t.co/humR7gBt3c,50,-0.3333333333333333,0.4000000000000001,Negativo
1014615887385591809,kthjimeo,que todo mundo tome no cu esses filho da puta a gente n√£o precisa desses porras n√£o vai se fudeeer caralho t√¥ puta,4865,-0.30000000000000004,0.7,Negativo
756560120591581185,Idodontknow,"@TropaNey2 @Nickkk1002 @jeffersonbalbi2 @KennedyF_ @neymarjrdepre @neymarjr Ent√£o para de acompanhar ele,filho da p‚Ä¶ https://t.co/ztcPW0bUjZ",164,0.0,0.1,Negativo
867543070291750912,daisieskatheryn,cu buceta pinto caralho puta porra cacete vadia nojenta merda bosta arrombada filha da puta que saco vagabunda corn‚Ä¶ https://t.co/lu8kaoO0HL,2107,-0.4,0.76,Negativo
2981454899,guilhermeklaos,"Se voc√™ √© meu vizinho, saiba que eu quero que voc√™ vai tomar no seu cu seu filho da puta, para de gritar que nem um arrombado",65,0.0,0.0,Negativo
328241819,Yandraroberta12,"Pelo amor de Deus, se vc marcar de ir na casa de uma pessoa v√° caralho ou pelo menos avisa que √± vai mais filho da puta.",100,0.075,0.525,Negativo
1285289430471892995,jeonworder,"filho da puta, quando meus fav n√£o tinham nenhum pr√™mio eu j√° gostava deles, se eles conseguiram tudo que tem hoje‚Ä¶ https://t.co/xUmiUYWHxE",373,0.6,0.8,Negativo
843865411288481794,delashofc,"vai se fude mano o cara usa 12 NO MULTIPLAYER cara  e alem de ser um bosta que faz isso o mlk usa claymore, campera‚Ä¶ https://t.co/7ulJHsYkQX",135,-0.6000000000000001,0.7,Negativo
1304973569416409095,XIAOJUNLISM,@nanavsoir üíåÀÄÀÄ @-ah! se eu te pego &gt;&lt; eu swnto tanto ‚ô°... ‚Éï  nesse seu pau rosado „Öã„Öã que voc√™ vai gemer ‚òÅÔ∏è t√£o alto‚Ä¶ https://t.co/nqEyOJdKAC,119,0.0,0.0,Neutro
1319296061567979521,firzproofz,VAI SE FUDER TWITTER SEU FILHO DA PUTA QUE ODIO,225,-0.6000000000000001,0.75,Negativo
922621561789612032,GabrielCovezzi_,"@felipelanga @Coritiba Todo jogo os narradores falam que o Coritiba t√° melhorando, a m√≠dia vai mantendo o Jorginho‚Ä¶ https://t.co/mcS1MCNKwp",100,-0.4,0.4,Negativo
66377794,allienzika,vai tomar no cu vai se fuder free fire filho da puta do caralho denonho de jogo dos inferno do caralho vai bem se f‚Ä¶ https://t.co/xCVyFQvEuW,45,-0.32,0.6799999999999999,Negativo
1267854813699747840,azumane_girl,@xtwicestan v√©i? vai se fuder?  quem foi o filho da puta que disse que foi ele????????? nossa pqp,674,-0.4,0.6,Negativo
1145146780327272453,jhobidancer,@dou_andrew @RElOFHOPE @MrBeastYT deve ser uma crian√ßa mal amada filho da puta filho da puta filho da puta vai toma‚Ä¶ https://t.co/3Rd17V40dN,2261,0.7,0.8,Negativo
346611167,brasaluz,@luluxaina Menino se eu te pego eu sento tanto nesse seu pau rosado q vc vai gemer t√£o alto q o som vai ultrapassar‚Ä¶ https://t.co/my8guFjMtV,205,0.15000000000000002,0.42500000000000004,Positivo
1272539868149821440,jaquezine,puta que pariu que √ìDIO de gente que cancela rol√™ em cima da hora vai se fuder cu bunda buceta,150,-0.6000000000000001,0.75,Negativo
762443663985082373,crypticcadaver,VAI TOMA NO MEIO DO TEU CU CARALHO PORRA CU BUCEYA AAAAAAAAAAA IMFERNO FILHO DA PUTA EU VOU AAAA A A A AAAA A A AAA‚Ä¶ https://t.co/f3SbTtSV8r,722,-0.2,0.3,Negativo
1307840071022841856,thx_lunixx,fora que eu to com vontade de comer brigadeiro puta merda to feliz pra caralho e vai ter at√© quiche vai se foder hj‚Ä¶ https://t.co/XP2IL4goFY,35,0.05000000000000002,0.6125,Positivo
1186280903158444032,Sanzittoskkk,"@Ich_hasse_dichh @GalodeKalsa11 Vai se fuder, bot filha da puta! Tu t√° at√© aqui? N√£o sabia que existia bot pra come‚Ä¶ https://t.co/aD6X6e2GB8",28,-0.5,0.6,Negativo
1185014229490962432,royaltenenbauns,porcaria merda babaquice porra porra putaria putaria que pariu  puta escrota filho da puta vagabundo foda se fudido‚Ä¶ https://t.co/nrBLW2c3i3,439,-0.4666666666666666,0.7000000000000001,Negativo
1185014229490962432,royaltenenbauns,porcaria merda babaquice porra porra putaria putaria que pariu  puta escrota filho da puta vagabundo foda se fudido‚Ä¶ https://t.co/L9YVPmkX3v,439,-0.44999999999999996,0.7000000000000001,Negativo
989215332962373632,luana_bimundial,CARALHO mas que s√©rie de MERDA que √© outlander PUTA QUE PARIU que s√©rie de FILHO DA PUTA que fica romantizando home‚Ä¶ https://t.co/CXNMPIZ0lT,1233,-0.44000000000000006,0.7000000000000001,Negativo
3325546013,swett_babyy,eu fico PUTA quando falam que o zidane √© um t√©cnico ruim. Vai se fuder seu filha da puta voc√™ pode criticar as limi‚Ä¶ https://t.co/UwutBXwLEH,191,-0.5499999999999999,0.6333333333333333,Negativo
879001649678778369,mceciliavlf,"Puta que pariu em, vai se fuder guri chato da porra vai toma no cu, um amigo avisaria",341,-0.7,0.8,Negativo
1174018005078106112,oasisbunks,se esse filho da puta matar a harley quem vai ver que tudo pode acontecer √© ele https://t.co/ELeNSxiqHy,3542,0.0,0.0,Negativo
1292254538502742019,artsIevi,"Hacker filho da puta, among us √© o √∫nico jogo que eu gosto e voc√™s est√£o atacando? Vai se fuder em maluco",1540,-0.35,0.725,Negativo
1041352342644256768,lorranpavao,"Pior coisa que tem √© voc√™ trabalhar igual um filho da puta durante a semana, colocando f√© que o final de semana vai‚Ä¶ https://t.co/I3oOW6C85b",191,-1.0,1.0,Negativo
738659034840993792,idaimarya,ooooo que filho da puta olha isso que viadinho nao naonao vai se fude tambem,308,-0.4,0.6,Negativo
1299503084482240518,louiecherry_,"vai se fuder tamb√©m mano, tinha que ter falado as merdas mais filhas da puta que passaram na minha cabe√ßa",24,-0.16666666666666666,0.6333333333333334,Negativo
1034920693270564870,TimoteoChamine,"espero que seja um ""at√© logo"" mesmo velho filho da puta.. vai saber se vcs v√£o se encontrar no mesmo lugar https://t.co/cdVZqEIgOy",454,0.025,0.1125,Negativo
945663239135916033,succerssfuI,. @DojaCat sua desgracada infeliz do caralho gorda encardida puta alco√≥latra sua m√£e e uma rampeira diab√©tica que c‚Ä¶ https://t.co/Ox7G5054EG,1190,-0.48333333333333334,0.7333333333333334,Negativo
1265819415486124034,Paulo36185376,"@rafiszada SAI DA FILHO DA PUTA LIXO , A LOS GRANDES NUNCAAAAA VAI PRECISAR DE VOC√ä SEU LIXO FRACASSADO , DESEJO QU‚Ä¶ https://t.co/INOUsM0Fyw",1,-0.35,0.15,Negativo
1197624100623126528,juliedafontee1,que filho da puta vai se fuder,485,-0.4,0.6,Negativo
1154067899172212736,Caduzera__,"vai se fuder, que energia filha da puta",736,-0.4,0.6,Negativo
1041499496696479744,Igor_G_R_Bueno,PUTA QUE PARIU COMO EU ODEIO O S√ÅBADO VAI SE FUDER DEUS POR TER CRIADO ESSA MERDA DE DIA ENFIA O CALEND√ÅRIO NO MEIO‚Ä¶ https://t.co/FaVn19IQ4B,107,-0.36,0.5800000000000001,Negativo
441913030,gonegirlI,amo meu gato mais do que eu mesma vey mato e morro por ele minha sa√∫de mental melhorou demais depois que eu adotei‚Ä¶ https://t.co/jlUE4FsTKV,1801,0.3,0.43333333333333335,Positivo
2325919952,jess_ih,VAI SE FUDER CIHAN FILHO DA PUTA QUE √ìDIO  #Hercai,809,-0.5333333333333333,0.7000000000000001,Negativo
1298995819526275072,brunarezendex,o passe vai aumentar que raiva filhos da puta n sei que q vcs querem manter esse trad no poder VAI SE FUDER,232,-0.55,0.4,Negativo
1183476643819655169,hyogarts,QUE ODIO DESEE FILHO FA PUTA CARA VAI SE FUDER MORRE MRORE PORRA CADALHO DESGRACADO FILHO DA PUTA NOJENTO VUZAO CAR‚Ä¶ https://t.co/kseL40zjYo,3139,-0.6,0.75,Negativo
1104897816198086659,vantaeginho,@sugasc0de @jeonstuIip ai q vc se engana filho da puta voce vai chamar ele do que ELE quiser eu to pouco me fudendo‚Ä¶ https://t.co/d8xzit9CaO,8810,0.0,0.6,Negativo
874446147577839621,felipe_dumer,"@ColunadoFla Olha eu n√£o costumo fazer isso, mas n√£o vou deixar passar dessa vez n√£o. O CAPERGIANI VAI TOMAR NO SEU‚Ä¶ https://t.co/XfPLqGuYhn",149,-0.25,0.25,Negativo
1077748823542431744,Vinagrettes_,"FINALMENTE CARALHO VAI TOMA NO CU FILHO DA PUTA QUE FASE HORRIVEL DO CARALHO VAI SE FUDE  MOB PARA DESGRA√áA TNC, bo‚Ä¶ https://t.co/Csw9Bx8btx",409,-0.65,0.8,Negativo
2736129911,Yappjacky,@analiness_ AAAAAAAAAAAAAAAAAAAAA puta que pariu sera se todos os gato do mundo sao uns filho da puta,467,0.0,0.0,Negativo
1103526232879185920,maaaaaaa_sz,a filha da puta fica ANOS sem por o p√© aqui pra visitar minha v√≥ e agora que a veia t√° doente resolve vir s√≥ p n√£o‚Ä¶ https://t.co/o1ZHi4xes1,76,-0.7142857142857143,0.8571428571428571,Negativo
710941769874153472,ViniciusCRF20,"se minha m√£e visse um bgl desse, a primeira coisa que ela falaria ""vai quebrar, filho da puta?"" https://t.co/3DFshqCoPm",899,0.25,0.3333333333333333,Positivo
1079188638599208961,desistideumuser,Nossa mano vai tomar no cu puta que pariu vai se foder inferno filho da puta do caralho,56,-0.4,0.6,Negativo
1202682589393408014,naluia_acosta,@90smatte @reasondoardx EU NAO AGUENTO MAIS PELO AMOR DE DEUS TO A PONTO DE DAR BLOCK NO @vinidotwitt3r ESSE FILHO‚Ä¶ https://t.co/0uZLJdfq07,87,0.5,0.55,Negativo
1017217380823552001,antihrlwall,vai tomar no cu vizinha filha da puta para de gritar caralho se pensa que √© quem? ningu√©m na sua casa √© surdo,4181,-0.2,0.3,Negativo
1148336029528670208,41waystodie,querida pessoa que odeio: VAI SE FODER SEU ARROMBADO MANIPULADOR DO CACETE FILHO DA PUTA ESPERO QUE MORRA QUEIME NO‚Ä¶ https://t.co/i030JPnVUf,1299,-0.6000000000000001,0.7666666666666666,Negativo
858929156553355264,webchamego,Tem que ser muito filha da puta pra ver a outra pessoa cantando m√≥ na vibe e vir pedir pra parar pq t√° atrapalhando‚Ä¶ https://t.co/CvcxlAnV25,169,-0.125,0.375,Negativo
1076489247715135488,itzsooya,to de tpm to muito outa vai toamr no cu todo kundo vai se foder vai pra puta que pariu que caralho porra fikho da p‚Ä¶ https://t.co/E3cLA6uZRc,3598,-0.26666666666666666,0.5333333333333333,Negativo
1262545662970933248,amityhands,vai se fuder vai pra puta que pariu enfia um ventilador no cu e liga bando de arrombado otarios filhos da puta n√£o‚Ä¶ https://t.co/uUcDBOaz9q,1198,-0.35,0.7,Negativo
4389309645,oJoseBorges,vai toma no teu cu sua arrombada desgra√ßada vai se fuder vai da narizada na puta que te pariu,230,-0.4,0.5,Negativo
1214567899085594624,rosieserene,desistO da humanidade. Vao pra puta que vos pariu se eu apanho este virus por causa deste filho da puta ai eu juro que o desfa√ßo mano,1188,0.0,0.0,Negativo
88681679,pqpezzini,"engra√ßado que esses filho da puta n√£o apareceram naquele vexame de 29x0 s√≥ ficaram falando ""que d√≥"" ""nossas meninas‚Ä¶ https://t.co/dku99jmiXR",22181,-0.125,1.0,Negativo
907541272063291393,aeIinherondale,vai se fuder por que esse filho da puta tem que ser t√£o lindo?? que √≥dio ele respira e eu j√° come√ßo a latir inferno‚Ä¶ https://t.co/FK3VkgmA8M,1667,-0.1166666666666667,0.8333333333333334,Negativo
1119356297391038469,KlWILLIARD,hip√≥critas filhas da puta arrombadas do caralho vagabundas imbecis espero que enfiem um cabo de vassoura no cu at√©‚Ä¶ https://t.co/Nwrvyp4rV3,5379,-0.6,0.7,Negativo
1318910099369431040,aVelhoooo,"O cara trai a mina, insiste pra voltar e ela perdoa, mas segue insegura, da√≠ o filha da puta tem coragem de falar p‚Ä¶ https://t.co/guy3Pwz86J",50,-0.25,0.4375,Negativo
880494563923722242,marauders_stan,"""eu n√£o t√¥ nem ai, quero que voc√™ v√° se fuder, v√° pra puta que pariu, eu t√¥ pouco me fudendo pra isso, vai se fuder‚Ä¶ https://t.co/0bV1xK7ZEZ",67,-0.05000000000000002,0.7,Negativo
1105947224347955206,made_by_sea,Vai parecer um barulho muito de gente que se passa msm. Mas √© verdade.   Eu vi um dado na prova de reda√ß√£o que me d‚Ä¶ https://t.co/X0IkrXGxaN,24,0.375,0.525,Positivo
1251911136523571200,katewellsy,trosoba porcaria merda babaquice porra porra putaria putaria puta que o pariu puta escrota filho da puta vagabundo‚Ä¶ https://t.co/Wq3b0fVlun,7036,-0.44999999999999996,0.7000000000000001,Negativo
1244769163983413253,_CRYSTALIVY_,JOGO FILHO DA PUTA √â S√ì EU COME√áAR A GOSTAR DE ALGUM PERSONAGEM QUE ELE VAI L√Å E MORRW SE FUDW,212,-0.4,0.4,Negativo
1088741906996178948,negalor4,@brxprince eu quero saber quando ele vai se enfiar num buraco desde que eu nasci esse filho da puta √© velho j√° pass‚Ä¶ https://t.co/iduDCREuEX,511,0.1,0.2,Positivo
1185540842863378434,monstaxxngel,vai se foder n√£o moral eu t√¥ muito puta v√©i que √≥dio defender estupro e ainda usar a imagem de uma pessoa boa .....‚Ä¶ https://t.co/jSxAQh3rSu,3002,-0.06000000000000001,0.53,Negativo
1241499465783087104,sigasderby,√© a opiniao dela seu filha da puta do caralho isso n √© um debate se voc√™ n consegue lidar com os outros pensando di‚Ä¶ https://t.co/XbI48CWmwh,248,0.0,0.0,Negativo
1273480347293016064,linoprey,VEI ERA SO UM ANIVERSARIO NORMAL PRO MINHO CACETE VAI SE FUDER PORRA CARALHO BUCETA CU PAU TOMAR NO CU GRINGA FILHA‚Ä¶ https://t.co/oY7ZJqBzKS,5562,-0.21666666666666667,0.6166666666666667,Negativo
4144000480,staytion9,@hwngnoya @lixiewrld CU CARALHO PORRA BUCETA PINTO √â... BUCET√ÉO ME AJUDA JO√ÉO CARLOS FILHA DA PUTA PUTA QUE PARIU C‚Ä¶ https://t.co/gmKr568opu,316,-0.5,0.7,Negativo
814107587289477120,Predrin17pl,"Griezmann, essa vergonha, Vai ganhar o qu√™? Vai tomar no cu! O Messi... ah, o Messi √© o menos culpado, √© um coitado‚Ä¶ https://t.co/T2jC8zyEMU",723,-0.05000000000000002,0.6,Negativo
814107587289477120,Predrin17pl,"A√≠ ele fez o time entrar abra√ßado, ""n√£o, se vcs entrarem abra√ßados hoje, a gente vai mostrar que tem uni√£o, que o t‚Ä¶ https://t.co/HYGezNzUXQ",723,0.0,0.0,Neutro
869977186723299330,brizzila,c√™ tem que ser filho da puta com todo mundo porque se voc√™ vai ajudar as pessoas voc√™ se fode,416,-0.6,0.7,Negativo
870846650,reiprincesa69,fan account de bts e m*na*s pop no meio   se liga caralho filho da puta se liga porra que droga vai pra puta que pariu  porra,1940,-0.3333333333333333,0.5,Negativo
1284548661771460609,kthgalaxys,"kpopper √© filho da puta mesmo, joga sujo pra caramba e n√£o pode ver o army se esfor√ßar pelos NOSSOS favs. deixa a g‚Ä¶ https://t.co/or58HdqmOr",848,-0.6,0.8,Negativo
1289337214363738112,przxey,@itsouer garoto se eu te pego eu sento tanto nesse teu pau rosado vc vai gemer tao alto que o som vai ultrapassar a‚Ä¶ https://t.co/RadkQ7Hohw,742,0.23333333333333336,0.4666666666666666,Positivo
350874814,super_sappo,"Voc√™ vai ter que defender o  Nhonho e o Bator√©, zoio verde filho da puta do caralho! Quem mandou ser pau mandado do‚Ä¶ https://t.co/wtc8gbETPY",1594,-0.25,0.3,Negativo
1278858178134974465,samella63469910,Gente eu vou xingar algu√©m que eu quero muito mas eu n√£o posso pq eu tenho que me fazer de madura pera:      Desgra‚Ä¶ https://t.co/oGqHD15dJZ,80,0.2,0.2,Negativo
1124781041007374338,cyberk00k,certeza que o taehyung vai fazer live no final de semana q vem q eu n√£o vou estar on filho da puta se me odeia me fale!!!!,146,-0.12121212121212122,0.762962962962963,Negativo
1183077003496476672,swhoney_,"""ain tem gente ouvindo"" vai se fuder e alguma vez ele ja se importou com alguma coisa sobre mim??? to com um puta n‚Ä¶ https://t.co/U0vkjoLPot",106,-0.4,0.6,Negativo
1139971297264492545,mrpapitchulo,"telem√≥vel filho da puta, um gajo quer passar o ecr√£ para baixo e come√ßa a carregar em merdas √† toa! daqui a pouco v‚Ä¶ https://t.co/thOAqgZZFA",86,-0.0982638888888889,0.4222222222222223,Negativo
1299005860165885952,Cleppyy,@beooty_ @gabiefleurs @haterdomuca @lilojunior @z4n3s @ArthurSxuza @helenasinceraa @kaiquebritor O filho de uma put‚Ä¶ https://t.co/bMu8QcHCJN,168,0.0,0.0,Negativo
57973937,iamarques,"A gente tenta se conversar que a maternidade tem seus momentos que compensam, mas puta que pariu. Tem horas que √© t‚Ä¶ https://t.co/WwejegBr5C",1407,0.0,0.0,Neutro
1168239667738796037,jenrubybabe,@cjsyjluv @arthurparedes_ sua filha da puta n√£o √© a primeira vez que voc√™ usa esse termos sua vaca do caralho n√£o s‚Ä¶ https://t.co/DRZUiJr0v6,200,0.058333333333333334,0.25,Negativo
107567960,Poucosamigos,Vai Porra de man√© filho da puta  Berre CU A mais alto na caixa de som do puteiro da favela da classe m√©dia podre su‚Ä¶ https://t.co/dYzJrjYzae,19,0.0,0.0,Negativo
1254280331764563971,Tatianaladeira2,"Quando a ex sogra diz: Voc√™ namorou o filho errado,era pra ter namorado o fulano no lugar do ciclano  ü§≠ Da pra volt‚Ä¶ https://t.co/su05Z1WqnC",61,-0.5,0.9,Negativo
1075727046465208320,dudaamn,eu to com um √≥dio da minha madrasta que puta que pariu vai se fuder,574,-0.5333333333333333,0.7000000000000001,Negativo
4869580917,narutofumante,@ilyvmt vou te xingar em portugues pq meu vocabulario √© mais extenso assim e se quiser entender que traduza o tweet‚Ä¶ https://t.co/fWpJ8AmZWl,91,0.25,0.41666666666666663,Negativo
1035971746057383936,angelskjin,ESSE LAZARENTO DOS INFENROS RLE EH OUTRO QUE SE EU PUDESSE QUEBRAVA NO SOCO FILHO DA PUTA VAI SE FUDERRRRRRRRRRRRRR‚Ä¶ https://t.co/AUQxNl63Bn,3517,-0.4,0.6,Negativo
868236121020542977,somxystic,as nctzen coreana puta que a gente quer que eles sejam educados vai se fuder fandom idiota da porra,473,-0.6000000000000001,0.7,Negativo
1220131791253770243,Manwmessiane,"fela da puta me fez comprar uma pulseira pra no final dizer que n√£o vai, se fuder dd",421,0.0,0.0,Negativo
1215315059049750528,GlauberMeiraBa1,"@httpvenusx @vantemort @klaraoutparis @nham_nham_ Nossa sua filha da puta do caralho, toma uns dois litros de suco‚Ä¶ https://t.co/MAEhXpKAYY",20,-0.6,0.8,Negativo
3386639043,Vitor_Moreto,"s√≥ to esperando o filho da puta mandar print na xuba league, se mandar vai arrumar pra cabe√ßa j√° vou avisando desde‚Ä¶ https://t.co/rE7VXQLj7c",505,0.0,0.0,Negativo
1202427690437005318,sullinlovegood,nossa vai se fuder ele sorrindo pensando nos pais mas que merda vai se fuder Rabicho filha da puta pq revelou pro V‚Ä¶ https://t.co/62i2VeoaYB,94,-0.4000000000000001,0.6,Negativo
859011870509936640,classhails,eu entendi seu filho da puta n√£o precisa ficar falando a mesma merda para mim umas 5 vezes vai se fuder que cara chato.,2516,-0.4,0.63125,Negativo
1317602357908299778,WALLSHE94s,ai que susto filha da puta vai se foder caralho que inferno,346,-0.4,0.6,Negativo
1271923481438019587,Freelip_e,"T√° a menos de uma semana no servi√ßo e j√° acha que √© alguma bosta, se fuder vai sua filha da puta",31,-0.45555555555555555,0.48888888888888893,Negativo
1190051310458028038,daz4ipokky,nossa vai tomar no cu nn toca em mim filho da puta nn toca no meu celular que oDIO vai se foder me deixa em paz par‚Ä¶ https://t.co/cPYYmM0SzK,577,-0.4,0.6,Negativo
1185471793873719297,poesiesany,"OLHA A PODRID√ÉO QUE ISSO CHEGOU, OS ANTIS PAGANDO PESSOAS PARA DIFAMAR A LISA. VAI TOMAR NO CU TODO MUNDO, BORA YG‚Ä¶ https://t.co/cJTOciQNUM",2118,0.0,0.0,Negativo
889849597,RealHKS,Quem foi o filho da puta que colocou uma crian√ßa com a cabe√ßa estourada na tl vai se foder,1017,-0.4,0.6,Negativo
1213235194905317376,idkhowlarry,porcaria merda babaquice porra porra putaria putaria puta que o pariu puta escrota filha da da puta vagabundo foda‚Ä¶ https://t.co/nIlcifO3Zr,1351,-0.44999999999999996,0.7000000000000001,Negativo
887151868606111744,Iustension,muleque se eu te vejo na rua eu te dou tanto soco nesse teu pau pequeno que ele vai deixar de existir caralho toma no teu cu filho da puta,936,-0.12916666666666668,0.4333333333333333,Negativo
795397152696651776,novembro_1899,Mandar esse Koeman pra puta que pariu. Como que ele muda a porra do sistema da equipe s√≥ pra jogar contra o Madrid?‚Ä¶ https://t.co/CYqQ5atC4J,500,-0.6,0.8,Negativo
826406658,dyr_8,Mas um time que contrata o braighwait tem q mais √© q se fuder msm 9 o filha da puta √© o 9 sei nem quem √© e tem 29 a‚Ä¶ https://t.co/m4USaSm8He,145,0.04999999999999999,0.55,Negativo
1111806805548695558,vic_duartekkkj,cada dia ficar mais dif√≠cil de torcer pro bar√ßa vtmnc ataca seus filhos da puta desgra√ßado que odio vai se fuder,1099,-0.43333333333333335,0.5,Negativo
1166866371009011714,japaqqq,"odeio que rebaixe uma profiss√£o, vai se fuder eu fico puta da vida",321,-0.6000000000000001,0.75,Negativo
1097194238322896906,MAKOTOEGGS,AQUELE FILHO DA PUTA MACHUCOU O DORIAN .  MEU DEUS TOMARA QUE ELE MORRA DA FORMA MAIS CRUEL POSSIVEL E IMAGINAVEL T‚Ä¶ https://t.co/yTqK31OrUE,1888,-0.2,0.8,Negativo
2728229542,MatheusLuzPB,"Se vc defende o Busquets, n√£o sou seu amigo. N√£o gosto de voc√™. Quero que voc√™ vai tomar no cu, seu merda filho da puta",343,-0.2,0.8,Negativo
718372805037920256,ShaiderDepresso,"Puta que pariiiiiiu, FU, meu dente doeu, vai se fuder tamb√©m, filho da puta do krl, arrombado",97,-0.3333333333333333,0.6,Negativo
625208814,oirmaodojoao,que bando de filha da puta nessa zaga do bar√ßa vai se foder cara burro do caralho lenglet,172,-0.4583333333333333,0.6333333333333334,Negativo
166592536,lariprin,"Quando voc√™ √© mulher e trabalha com comunica√ß√£o, sempre vai trombar com v√°rios filhos da puta burros pra caralho qu‚Ä¶ https://t.co/GjLVVc96j1",2791,-0.39999999999999997,0.5,Negativo
1302064774277193729,shtbossjjk,"Caralho vei, vai se fuder mano, que raiva da porra, vai tomar no cu, puta que pariu",283,-0.4666666666666666,0.6666666666666666,Negativo
391896629,paulorcsales,"@claudioedantas Olha, quem vai ser derrotado √© o Brasil se isto acontecer, n√£o tem filho da puta nenhum que vai obr‚Ä¶ https://t.co/Rwa3D9uF9w",13,0.0,0.0,Neutro
1094313323414388736,putodaf1,"Bottas: AEEEEEEE CARALHO, PEGA ESSA VOLTA A√ç HAMILTON KKKKKKKKKKK Hamilton: bati o tempo, primo da Frozen Bottas: P‚Ä¶ https://t.co/y94K6VKhS5",65,0.0,0.0,Neutro
1127250938647973888,choronaa_,porcaria merda babaquice porra porra putaria putaria puta que o pariu puta escrota filha da da puta vagabundo foda‚Ä¶ https://t.co/P1F9f8EKyf,622,-0.44999999999999996,0.7000000000000001,Negativo
1142463746037735424,bangreve,A MENINA FALANDO QUE QUER SE POLICIAL E MT GENTE DA FAMILIA DELA NAO APOIA MAS O PAI DELA APOIA E O HOSEOK FALANDO‚Ä¶ https://t.co/YbTenfcZB6,175,0.2,0.1,Negativo
953662654522036225,justsugarpills,porcaria merda babaquice porra porra putaria putaria puta que o pariu puta escrota filha da da puta vagabundo foda‚Ä¶ https://t.co/bd5opGinwi,938,-0.44999999999999996,0.7000000000000001,Negativo
794939345476218881,sicknprveted,minha vida eh uma merda eu n tenho um momento de paz eu acordo chorando vou dormir chorando e ainda tem filho da pu‚Ä¶ https://t.co/2Mr1jhFLCq,4479,-0.2333333333333333,0.5,Negativo
1284263350457835520,pynneaple,@Ally9Kull @horadapunha a mano eu sla ODEIO VOC√ä seu FILHO DA PUTA tomara que o teu pinto caia velho vai se fude,76,-0.3138888888888889,0.49722222222222223,Negativo
1314731620038062081,lanzhanewuxian,@defectxor @hxnvi @jooybr @mariamachadowm @lehgaliza21 Ela cometeu sim! PUTA QUE PARIU! VCS NUNCA LIGAM PARA TRANS!‚Ä¶ https://t.co/TjZRePprGr,157,-0.5,0.6,Negativo
2988038261,paola_medeirozz,"Ai fiquei puta com um neg√≥cio ontem que olha, vai se fuder, gente filha da puta tem que tomar no cu mesmo pra aprender",810,-0.4,0.6,Negativo
1215087319570624512,kimgoogiie,O YOUTUBE SEU FILHO DA PUTINHA SEU VIADINHO P√ÉO COM OVO VAI PRA PUTA QUE PARIU SE EU TE VEJO NA RUA TE ENCHO DE POR‚Ä¶ https://t.co/kjMviR5Vdy,49,0.0,0.0,Negativo
1045758872697409537,H66BI,NA CINTAGEM DIZ QUE CHEGOU MAS NO VIDEO TRAVOU AS VIEWS PORRA CARWLHO CACETE CU YOITUBE FILHO DA PUTA VAGABUNDO VAI‚Ä¶ https://t.co/hheMD94Jaw,6074,-0.6,0.8,Negativo
1214754825608536064,jisungrchan,"Pessoa que eu odeio conta o presidente? Se sim, vai tomar no cu filho da puta.  Se n√£o, acho que n√£o odeio ningu√©m.",1579,-0.8,0.9,Negativo
4879720294,PRP_mc,"A mano vai se fuder, q vida desgra√ßada do caralho, meu vo q mora cmg, que tem alzheimer, caiu de madrugado no banhe‚Ä¶ https://t.co/YbdODwdA9Y",207,-0.3,0.5666666666666667,Negativo
1265281126337327104,Twinckletoes,Acabei Final Fantasy VII Remake e PUTA QUE ME PARIU. Games are a fucking way of art. Foi com certeza uma das melhor‚Ä¶ https://t.co/AB2Z1l78xx,120,-0.19642857142857142,0.7428571428571429,Negativo
2882851113,karolrr_,INFERNOOOO quem √© o filho de uma puta que t√° me ligando desde as 8 da manh√£???? Eu atendo n√£o fala nada vai se fuder que odiooooooooooo,873,-0.4,0.6,Negativo
1107808285451784192,jikooksgurl,VAI SE FUDER EU DOU A MINHA VIDA PELOS 7 PRA GRINGA CU SEBOSO VIR ME CHAMAR DE ANTI DO JK SE TU ME RELAR NA RUA EU‚Ä¶ https://t.co/tUigYiRKPw,859,-0.4,0.6,Negativo
1107808285451784192,jikooksgurl,"Eu n√£o t√¥ crendo que tem gringa chamando barmy de anti do jk, vai tomar no seu cu filha da puta se eu te pegar na r‚Ä¶ https://t.co/UoiDg8fAVn",859,0.0,0.0,Negativo
1020155526083203073,chemslena,cara se eu te pego eu sento tanto nesse teu pau rosado vc vai gemer t√£o alto que o som vai ultrapassar a estratosfe‚Ä¶ https://t.co/Y7F0zugYro,2656,0.23333333333333336,0.4666666666666666,Positivo
1084602526345900034,gabrieela_ds,"eu amo o Ted, mas ele foi muito filho da puta de ter pedido a Robin pra se livrar dos c√£es dela. n√£o interessa se f‚Ä¶ https://t.co/TROuoXZkRu",175,0.5,0.6,Positivo
1203753709076992001,oceanlaurents,PORRAAAA CARALHOOOOOOOOI VAI TOMAR NO CU SEU ARROMBADINHO DO CARALHO COM CRIAN√áA N√ÉO SE MEXE PORRA SE VC TEM ALGO P‚Ä¶ https://t.co/opqTL5vhin,279,-0.4000000000000001,0.6,Negativo
1316411070999822337,ayyK7nic,"@ReacaOpressor @lyzaa_ @JoseMesch @conexaopolitica QUE GAUCHO MEU DEUS PARA DE TENTAR SER VIDENTE FILHO DA PUTA, po‚Ä¶ https://t.co/IM7l9RphIn",106,0.0,0.0,Negativo
948227812573564928,jungkoostyles,QSE LEVEI UMA CAGADA DE POMBO NO OMBRO QUE ODIO FOI POR POUCO POMBO FILHA DA PUTA VAI SE FUDE VAI VOAR NA CASA DO CARALHO,24118,-0.15749999999999997,0.74,Negativo
1262355994883096581,meIinred,porcaria merda babaquice porra porra putaria putaria puta que o pariu puta escrota filha da da puta vagabundo foda‚Ä¶ https://t.co/xNzWFsz9GY,2468,-0.44999999999999996,0.7000000000000001,Negativo
3379781620,eusouvenus,"tem certas pessoas que se me d√£o v√°cuo eu fico tipo ""ah certo, ta tudo bem"" outras que eu fico ""que filho da puta, vai me responder n√£o ??""",548,0.2591269841269841,0.3452380952380952,Neutro
1244792085158469632,adoremendxs,nossa mas oq me irrita mais ainda eh se dizer sonserina pq ama o draco e o snape e odeia o harryüò°  AH VAI PRA PUTA‚Ä¶ https://t.co/VVy6H5zOES,1268,0.06666666666666665,0.6666666666666666,Negativo
1309007744075288581,elleturtle,Trosoba Porcaria merda babaquice porra porra putaria putaria puta que o pariu puta escrota filho da puta vagabundo‚Ä¶ https://t.co/6KmZ9e6yEe,407,-0.4666666666666666,0.7333333333333334,Negativo
952961562670698498,fairymione,querida pessoa que eu odeio   o vai toma no teu cu hein maluco vai toma no teu cu hein o filha da puta vai te fude‚Ä¶ https://t.co/aQVAWzoaG1,2835,-0.6,0.7999999999999999,Negativo
1114140029172031490,Amadeu2310,"Quero ver quem ser√° o filho da puta que vai exigir que eu tome essa vacina? Se n√£o tem onde enfiar essa merda..., e‚Ä¶ https://t.co/wjRORUfys5",17158,-0.2,0.8,Negativo
2910070666,Kinii__,nossa namoral que √ìDIO dessa mania daqui de casa que sempre q eu to dormindo algm vim me acordar perguntar se eu to‚Ä¶ https://t.co/42TQJg7qrk,555,-0.8,0.9,Negativo
1251569229272317952,Potato0Fan,"Velho vai tomar no cu puta que pariu, olha o terno, olha o fio do cabelo, olha a pistola. Como que esse filho da pu‚Ä¶ https://t.co/otRntDFuy3",121,0.1,0.2,Positivo
977176441480798208,desu_rafa,@leiydik_ Transformaram uma dificuldade de intera√ß√£o social extrema (geralmente juntamente com depress√£o) em movime‚Ä¶ https://t.co/XbSenMp0BQ,995,-0.11388888888888889,0.4388888888888889,Negativo
1243000995946389504,elorodrgues,VAI SE FUDER????????????? EU SABIA QUE ESSA ANITA ERA ALGUMA FILHA DA PUTA E ESSE CARVANA PENSEI Q FOSSE S√ì HOMEM M‚Ä¶ https://t.co/GgzlFSEIyn,21,-0.13333333333333333,0.5666666666666668,Negativo
1042122289838473216,hongiecherry,"QUE SUSTO HONGJOONG, VAI SE FODER FILHO DA PUTA ARROMBADINHO",3835,-0.43333333333333335,0.7333333333333334,Negativo
1199785662116978690,moonphories,@thzdoctor @bxvij √î vai tomar no teu cu hein maluco. Vai tomar no teu cu hein oh filho da puta. Vai te fude hein va‚Ä¶ https://t.co/vIibuWUSKK,1404,-0.5,0.75,Negativo
1111248967378059265,emillynathaly__,"ser mulher √© um caralho mesmo, tava de madrugada esperando a tupic p ir trabalhar e uns filha da puta passaram mexe‚Ä¶ https://t.co/KwaBzuKsyU",118,-0.6,0.8,Negativo
1065816722698092546,lvunamu,t√¥ traumatizada pro resto da vida vai se foder zeke filho duma puta seu corno do caralho seu merda tomara que m0rra‚Ä¶ https://t.co/UgNRlFvjiN,202,-0.5333333333333333,0.7333333333333334,Negativo
1170030503124226054,euevyot5,"to pensando aqui, depois que eu entrei pro fandom eu literalmente mandei minha sa√∫de mental pra puta que pariu e n√£‚Ä¶ https://t.co/gc8UqF326e",672,-0.1,0.2,Negativo
1185755760950685696,Aoks_Caos,Quem √© o boboca que CHORA IGUAL UM DESGRA√áADO AS 4 DA MADRUGADA POR CAUSA DE UMA PERSONAGEM DE S√âRIE kkkkkkkkkk....‚Ä¶ https://t.co/UczOfbaxYu,530,0.0,0.0,Neutro
284802703,mariliardrigues,mano vai se foder s√≥ queria voltar p bauru que √≥dio v√≠rus filho da puta !,781,-0.4666666666666666,0.5,Negativo
883675814734200834,nnoriakillua,√© 3 da manh√£ acabei de assistir memento e cheguei √† conclus√£o de que perdi o controle da minha vida e que √© um puta‚Ä¶ https://t.co/re1F5a2TF7,395,0.0,0.0,Neutro
1290462851832971275,PARTYNAUSEOUS14,"Se passaram 4 dias e a ""h√©tero"" de Taubat√© n√£o respondeu? Que foi? Disse a verdade, n√£o sou obrigado a agradar nenh‚Ä¶ https://t.co/r1Hcg3XxYw",11,0.2,0.4,Positivo
1040382727986589697,_rayaneeee,PRA QUE VOC ME SEGUIR SE VAI PARAR SUA FILHA DA PUTA √â MUITO MUITO MUITO MAIS SIMPLES N SEGUIR CARALHO,4001,-0.033333333333333326,0.5523809523809524,Negativo
1104857072720596997,tsukkeyama,bicha bonita da porra em voc√™ √© muito lindo caralho vai se foder se eu pudesse te colocar em um banquinho e fazer c‚Ä¶ https://t.co/P3fpRMUgCJ,2775,0.009999999999999986,0.76,Positivo
1202586481166032896,wifeduarte,"@elentiyabrekker t√° bom quando vc quer xingar tipo ""vai se foder"" vc diz Vaffanculo, caralho vc diz Cazzo, filho da‚Ä¶ https://t.co/768IwXRu0r",234,-0.10000000000000002,0.5666666666666668,Negativo
3078631259,dxcklx,@freddimee Caralho vai se fude desgra√ßada filha da puta nossa Aime√™ n√£o vou falar que te odeio porque n√£o odeia mas‚Ä¶ https://t.co/yxloCG3cOm,528,-0.5333333333333333,0.7000000000000001,Negativo
1287396495248044033,JaquueMelloo,Acho engra√ßado  que quando estava de boa comigo n√£o fazia um tt agora s√≥ faltou me chamar de filha da puta  S√≥ digo uma coisa vai se FUDER,146,0.06666666666666668,0.775,Negativo
1085248906068402176,webloli,pera a oogami fez O QUE? nem fudendo nem fudendo eu to muito triste vai se fude urso filho da PUTA,30,-0.5499999999999999,0.7999999999999999,Negativo
901613042743562242,YellowSubmsrine,A CARA TO RAT√ÉO FILHO DA PUTAAAA QUE PUTA DIA FODA SE FUDEEEEE VAI NEGOOO VAMO RATO CARALHO,88,-0.4666666666666666,0.6666666666666666,Negativo
1213879005885026304,analivia_fernds,@S_Patriky Vai se fuder filha da puta nossa eu sabia que era de susto e fiquei vendo at√© o final que √≥dio caralho Aaaaa,43,-0.6000000000000001,0.75,Negativo
69552100,Ebertorio,@jdoriajr Sei que falar para vc e esse gordo pederasta dar o c√∫ pra coronavac √©  redund√¢ncia j√° que se comem todo o‚Ä¶ https://t.co/E9TYDzSiEC,442,0.0,0.0,Negativo
2434402963,instadessa,"eu fico assim sem palavras de ver as mina gravida se drogando, puta q pariu p que fazer filho cara, ainda dizem q n‚Ä¶ https://t.co/nAmUFplAym",755,0.3333333333333333,0.5,Negativo
1063665302041489408,guksiren,j√° que n√£o posso xingar l√° eu xingo aqui: filha da puta falsa do caralho vai se fuder vai tomar no meio do seu cu s‚Ä¶ https://t.co/QsbmUaQTSH,4087,-0.2,0.3,Negativo
1022692631208439808,gabimiIIer,trosoba porcaria merda babaquice porra porra putaria putaria puta que o pariu puta escrota filha da da puta vagabun‚Ä¶ https://t.co/Ogv8jfYXeI,316,-0.44999999999999996,0.7000000000000001,Negativo
1184868124371410948,camishiraa,porra caralho bosta buceta vai se fude caceta foda merda puta vadia biscate meretriz cachorro coco filho da puta fi‚Ä¶ https://t.co/jEYlHHbeHa,58,-0.3333333333333333,0.6666666666666666,Negativo
541193461,crypotatohead,@PkCanadianGuy porra velho 2020 e esses mlk filhos da puta fazem isso vai se fuder que raiva que me dar v√£o arrumar um emprego porra,1296,-0.3,0.5333333333333333,Negativo
3131094807,strbby_,"lol sim, odeio gente que ta sempre ‚ÄúnOsSa MaS cOmO aSsIm Vc NaO sAbE iSso???‚Äù   nasceu sabendo tudo ne einstein fil‚Ä¶ https://t.co/XVUqAv59OF",1133,0.0,0.8,Neutro
1128108775557218305,adawongsbitch,Mano puta que pariu que d√≥ da mikasa vai se fuder a bixinha s√≥ se fode MDS,1123,-0.35,0.75,Negativo
73718302,MaiMendesP,"Ah vai a merda, sabe?! VAI A MERDA! A gente sofre todo santo dia com o machismo ent√£o ao inv√©s de vir com ""salvar v‚Ä¶ https://t.co/8ATib1Y6Ib",206,-0.17380952380952383,0.6047619047619047,Negativo
1222996125701017600,iz_dutra,"minha m√£e assumiu, sem perceber, q tem gente tirando print do q eu posto e mandando pra ela, agr QUEM √â O FILHO DA‚Ä¶ https://t.co/SkfnlUbKAq",247,0.0,0.0,Negativo
1312147443811782657,bermeneghini07,FILHA DA PUTA EU IA COMER O MEU HAMBURGUI VAI SE FUDER BARATA CORNA DESGRA√áADA QUE NOJO,14,-0.15,0.825,Negativo
4876371046,CampregherK,"A Maldi√ß√£o da Mans√£o Bly supera toda as expectativas, na real que tu nem sabe o que esperar, √© eita atr√°s de eita k‚Ä¶ https://t.co/TK8YgmKuu2",240,-0.05714285714285716,0.6178571428571429,Negativo
954358231249440768,Sarah__santos1,"Aqueles que vim de mimi  no meus tts  vou mandar logo tomar no cu , vai se fuder pq sou m√£e e pai o mesmo tempo cri‚Ä¶ https://t.co/naGh1KdG0s",694,-0.2,0.3625,Negativo
1243945339385720834,btsclumsy,eu sou hip√≥crita pq agora pouco tava militando sobre isso mas agora eu ja to de saco cheio de vcs brigando uma fala‚Ä¶ https://t.co/NLK9boK1dy,1621,-0.7142857142857143,0.8571428571428571,Negativo
1272718273755459584,hxuanqing,garoto se eu te pego eu sento tanto nesse teu pau rosado vc vai gemer tao alto que o som vai ultrapassar a estratos‚Ä¶ https://t.co/GKm68ryq6b,1248,0.23333333333333336,0.4666666666666666,Positivo
1179855696818561025,Anaclaarafs,"Tive que desinstalar o aplicativo, perdi tudo pq n posso salvar nd... pq volta a trava. Vai se fuder filho da puta, sem o que fazer hein",86,-0.4,0.6,Negativo
1252842963379474433,scarslewis,vai tomar no cu s√©rio de verdade voc√™ √© uma filha da puta do caralho tem que se fuder muito na vida pra largar de ser ot√°ria,1011,-0.4083333333333334,0.7166666666666668,Negativo
1309007744075288581,elleturtle,@katewellsy Trosoba Porcaria merda babaquice porra porra putaria putaria puta que o pariu puta escrota filho da put‚Ä¶ https://t.co/Y9i4ypTHw9,407,-0.5,0.75,Negativo
1266979020840845318,luigi_degre,"@Cabedinhaa1 @Patrick_avila1 O SUA DILHA DA PUTA VAI TOMAR NO OLHO DO MEIO DO TEU CU OKAY, POHA, PQP, VAI SE FUDER‚Ä¶ https://t.co/sRud5hvZwf",100,-0.04999999999999999,0.65,Negativo
2760846393,_geowana,"nossa que nojo dessa conversa. como pode ser t√£o escrota desse jeito, caralho? vai tomar no cu dessa filha da puta.‚Ä¶ https://t.co/GapnKU2Vi0",390,-0.43333333333333335,0.8666666666666667,Negativo
1042490407031062530,EmiltonTiago,@kpopnanet FACADA MAL DADA DO CARALHO PORRA ELE LITERALMENTE RECUSOU PORQUE √â DA CHINA MANO QUAL √â O SEU PROBLEMA S‚Ä¶ https://t.co/LYzdhendPu,90,-0.7,0.8,Negativo
1146107843231342593,jjkstarkv,"youtube music o vai tomar no teu cu hein maluco, vai tomar no teu cu filho da puta,  vai se fuder hein, vai te fude‚Ä¶ https://t.co/FF9AuC77qK",8517,-0.4666666666666666,0.7000000000000001,Negativo
928095043,euamandarock,Oq eu fiz da minha vida pra receber √°udio desse filho da puta cantando ref√©m pra mim  VAI SE FUDER QUE ODIO,380,-0.6000000000000001,0.75,Negativo
52608573,UZ1_,existem coisas que me chateiam   coisas que me irritam   coisas que me estressam    coisas que me enfurecem   e o c‚Ä¶ https://t.co/NSKWznz1HA,345,0.0,0.0,Neutro
1262132012049186816,JustenFabyana,@AnaPaulaOliBar @euleodias Esses pais da Mirella expulsar√£o ela de casa porque ela estava se relacionando com outra‚Ä¶ https://t.co/24hQ3Bb4WY,3,0.0,0.0,Neutro
3081099175,JojoFrigoo,"caralho irm√£o vazou o ep do bring me the horizon, e meu AMIGO QUE EP FODA PRA CARALHO VELHO. Os f√£s chat√£o de bring‚Ä¶ https://t.co/3QbenwLGNb",141,-0.42500000000000004,0.6,Negativo
1286853471321415680,Galante_13,"TEM FILHO DA PUTA QUE VAI VOTAR NO CAIO MATHEUS PRA PREFEITO, NA BOA N√â VAI SE FODER !!!!!!!!!",45,-0.15000000000000002,0.6000000000000001,Negativo
1086693055858647040,dongjumon,VAI SE FUDER NBT PUTA QUE MERDA OLHA ESSE 3D ESSE DREAM POP PUTA MERDA AMO VCS SEUS CRETINO TALENTOSOS DA PORRA,2,-0.06666666666666667,0.7833333333333333,Negativo
1141806097914875904,KHHSIK,"Porra de gente ego√≠sta, vai se fuder, mais uma vez e eu deito esse filho da puta na porrada que saco de homem menti‚Ä¶ https://t.co/iyGdXvV4lP",623,-0.45,0.8,Negativo
1159283826264334337,MAICON08951360,Mano eu tava bem de boa do meu lado e fui ver coisas do coisa nossa. Fiquei puto com o cancelamento do orochi ent√£o‚Ä¶ https://t.co/Fesb4jdXwW,0,0.4166666666666667,0.5,Negativo
1087170477561466880,KOZUGOTH,eu sou um garoto trans se uma garota cis lesbica querer ficar comigo e &gt;ainda&lt; se dizer lesbica quero que ela se fo‚Ä¶ https://t.co/ZF1XRJwPg1,3625,0.0,0.0,Negativo
1181259802938200064,aquwrian,"CARALHO MAS VAI SE FUDER, ENFIA A PORRA DA VOTA√á√ÉO MERDA NO CU E SAI GIRANDO PRA PUTA QUE PARIU, MAS N√ÉO FALA MAL D‚Ä¶ https://t.co/0KCdUh2gv7",359,-0.48,0.8,Negativo
1232817974039449600,laviniakkkkjj,"falam tanto que a Raissa √© intoc√°vel e os caralhos, mas a Mirella foi pra uma ro√ßa e t√° com um puta discurso chato‚Ä¶ https://t.co/1XNlHtJ3kW",138,-0.4,0.6,Negativo
1126205689636978693,luizetorr,"@sdleticiaa caralho filha da puta vai se fude leticia mano que susto desgra√ßa vai pa casa do caralho, ja tava ate f‚Ä¶ https://t.co/i3o74PWLw0",717,-0.4666666666666666,0.6666666666666666,Negativo
1242354152073768960,_zoxth_,sabe jogar em time n√£o cacete quer que eu fa√ßa tudo sozinha com a porra de 10 de vida seu filha da puta vai se fuder,138,-0.5,0.7,Negativo
3384163689,littlebear5_,"Vitoria √© bem filha da puta n√©, nossa vai se fuder garota burra puta que pariu",2131,-0.11875,0.6,Negativo
1186280903158444032,Sanzittoskkk,"@floquitowo @kaiquebritor Vai se fuder, filha da puta. E nem √© pela mensage, e sim por essa merda de image que tu postou",28,-0.30000000000000004,0.7,Negativo
192930986,CallMeJaum,"@joa1predu Chato pra caralho puta que pariu, fica for√ßando papo odeio ele  O bom que hoje em dia a gente se d√° bem pra caralho kkkkkk",614,-0.375,0.775,Negativo
1311138979215966209,eIeviosa,isso mesmo james eu te odeio pra caralho gostou snape eu quero que se foda mas porra vai ser um filho da puta assim‚Ä¶ https://t.co/1lXVC8GsoM,7,-0.3285714285714286,0.6589285714285714,Negativo
1716337758,_guimalfi,"Ningu√©m vai aceitar um trabalho desse, que um filho da puta deixou outro filho da puta por 10 meses com um futebol‚Ä¶ https://t.co/JkHNhvKXDm",92,0.0,0.25,Negativo
1232683250512007169,ahrutr,@w_fellows @Oli_Phil @ADCpcao_ kkkk phil seu fodido do caralho eu nem sei o contexto dessa porra e nem vou ler mas‚Ä¶ https://t.co/y3bAKMg9rn,28,-0.4,0.75,Negativo
1115302199582699523,katystylou,meu pai falando merda na sala sobre o corona vai se fuder que √≥dio tomar no meio do cu filha da puta que caiu do ev‚Ä¶ https://t.co/ayywLsw9eW,716,-0.35000000000000003,0.575,Negativo
1297266446343589889,lovelaceada5,"@Meleagant3 @liviagarcia131 Doente √© quem obriga a crian√ßa estuprada a parir, seu grandess√≠ssimo filho da puta. Vai‚Ä¶ https://t.co/idV6AvIbOv",16,0.04285714285714287,0.8035714285714286,Negativo
1199724764966854656,cuthbertana,eu fico T√ÉO puta quando usam como um argumento ‚Äúelu √© feie‚Äù FODASE SE NA SUA OPINI√ÉO A PESSOA √â FEIA SE FOR FALAR M‚Ä¶ https://t.co/hs4OCnRb8d,992,-0.7,1.0,Negativo
720855978363609089,viczxtor,o ARROMBADO e FILHO DA PUTA do meu VIZINHO ta ouvindo essas MERDAS de m√∫sicas no volume mais alto poss√≠vel se esse‚Ä¶ https://t.co/LDG7D6iB0s,9820,-0.1,0.9,Negativo
1291154326128295936,paixaokjk,nossa vai tomar no cu o caralho filha da puta mas que inferno chata pra cacete sai fora vei que cacete  ta vindo pr‚Ä¶ https://t.co/tMKFMReWAv,31,-0.375,0.8500000000000001,Negativo
1311514383290425344,kikoinshock,@wendlerpaixao @ViiniHal @GlEliasLima @Barbiesedutorah @TNAMarkBR @rafinhabastos Ele disse que recebia imagens da c‚Ä¶ https://t.co/CdUnQY0LaB,1,0.0,0.0,Neutro
1107681690695155713,ishikieb,GAROTO SE EU TE PEGO EU SENTO TANTO NESSE TEU PAU VOC√ä VAI GEMER T√ÉO ALTO QUE O SOM VAI ULTRAPASSAR A ESTRATOSFERA‚Ä¶ https://t.co/LjATHm1OiK,1777,0.25333333333333335,0.38000000000000006,Positivo
634870894,luizinho7_,@ParmeraDeTodos Vai trazer o cara que tem o segundo maior or√ßamento da liga norte americana e √© o √∫ltimo colocado T‚Ä¶ https://t.co/H5BdP8oAhk,132,0.0,0.022222222222222223,Neutro
1043869924177969152,ginossauro_,que √≥dio que √≥dio que √≥dio que √≥dio puta que me pariu se um dia eu encontro essa estilista eu encho ela de soco pqp‚Ä¶ https://t.co/1nz7kZ5SRY,201,-0.8,0.9,Negativo
2841166635,jagzeaugusto,"@JovemPanNews Constantino, vagabundo. Esse v√≠rus pode ter sa√≠do da China, do cu de tua puta, do cu da puta que te p‚Ä¶ https://t.co/kbwHOxHmMI",2,0.0,0.0,Negativo
1287073217212026886,Leonard41228218,@rogernois @g1 Vai se fuder babaca! Eleitor da puta que te pariu!,210,-0.625,0.6,Negativo
2715041636,pblrxp999,PITA QUE ME PARIU SE ALGUM FILHO DA PUTA FIZER MAIS ALGUM BARUKHON FORA DO MEU QUARTO EU VOU COMPRAR A MERDA DE UM‚Ä¶ https://t.co/ag3R5gf0hq,457,-0.033333333333333326,0.4166666666666667,Negativo
1275552850777640961,LunarAngel9,ELE TA ACHANDO QUE √â QUEM ESSE FILHO DA PUTA?VAI SE FODER CARALHO! QUE √ìDIO DESSE HOMEM DO CACETE,14,-0.65,0.75,Negativo
1445100488,juliohmenezes,"N acredito que ainda vou ter mais esse gasto, q merda do caralho filha da puta vai se fuder",647,-0.30000000000000004,0.7,Negativo
1014297572813561857,tomspiderx,QUE INFERNK CALA A BOCA CACHRRO FILHO DA PUTA VAI SE FODER,4129,-0.4,0.6,Negativo
47241890,loocasonofre,Depois desse susto que tomei assistindo o ep 8 da Maldi√ß√£o da Resid√™ncia Hill eu tenho certeza de que problema no c‚Ä¶ https://t.co/KR7yxmqet2,473,0.5,0.8888888888888888,Neutro
555715666,TxmmyMc,"Garena √© uma empresa desgra√ßada que tem que mais √© que falir mesmo, cambada de filho da puta! Enche o cu de dinheir‚Ä¶ https://t.co/sPZNOG55Wi",878,-0.1875,0.75,Negativo
943232001620021249,hoechwalls,VAI SE FUDER SUA FILHA DA PUTA RATA DE ESGOTO IMUNDA RID√çCULA ARROMBADA VAI TOMAR NO SEU CU NOSSA QUE ODIO VAI PRA‚Ä¶ https://t.co/urYZ59PbXg,333,-0.5333333333333333,0.825,Negativo
1311429329298100225,GGUKSGlRL,caralho que frio da porra vai se foder filha da puta cu pau buceta cuzao caralho meu deus,242,-0.43999999999999995,0.68,Negativo
970481271020441600,Mabert04,90% das minhas amizades s√£o homens. ai eu posto foto com um amigo e sempre tem nego perguntando se t√¥ pegando ou qu‚Ä¶ https://t.co/GX0UrI2eta,716,-0.16666666666666666,0.43333333333333335,Negativo
1108084867642937346,raphymustdie,eu por fora: haha rachou mas d√° pra usar ainda n√© kk  por dentro: PUTA QUE PARIU CARALHO OLHA ESSA PORRA OLHA O TAM‚Ä¶ https://t.co/Ar4oqJxYY2,424,-0.26666666666666666,0.47500000000000003,Negativo
1234384576111349763,feehxz_,Querida pessoa que odeio:  Vai se fuder seu filho da puta,1196,-0.6000000000000001,0.75,Negativo
1049326486312931329,hatowori,nossa eu to puto com essa merda ja vai dar em cima da puta que pariu eu nao gosto de voces vao ver se eu to na casa do cARALHO,1152,-0.05,0.9,Negativo
845828286076895233,twistedyke,querido genitor: vai se foder filho da puta do caralho eu te odeio voc√™ √© nojento eu n√£o sinto nada por voc√™ que n√£‚Ä¶ https://t.co/uSX52FyZjs,3934,-0.7333333333333334,0.8333333333333334,Negativo
97494483,ReenanRock,"Cansado de ingratid√£o, porra. Dinheiro n√£o me compra. Vai se fuder! Se um dia eu tiver uma casa, vai ser com a porr‚Ä¶ https://t.co/9lGF40txEV",985,-0.45,0.6499999999999999,Negativo
1312162728983826439,naldinho_matias,@VascainoOficial @Colina_Informa Por que esse filho da puta t√° aparecendo ????. Ah vai se fuder Campello.,15,-0.4,0.6,Negativo
1170860173562437632,pidjyuto,*Voltando pra casa puto sussurrando pro nada*  Porra samatoki vai toma no cu que √≥dio merda bosta cacete filho da p‚Ä¶ https://t.co/x1rbrKU6tL,138,-0.39999999999999997,0.8333333333333334,Negativo
1262762855612346373,ViCarolis,Se sabe que vai trair a pessoa pq se casar filho da puta,189,0.25,0.25,Negativo
1284529063600836609,danisficado,@SiteTheWeekndBR GAROTO SE EU TE PEGO EU SENTO TANTO NESSE TEU PAU VOC√ä VAI GEMER T√ÉO ALTO QUE O SOM VAI ULTRAPASSA‚Ä¶ https://t.co/YAjlE1ELh7,45,0.19,0.3016666666666667,Positivo
1195773580539256836,todor9ki,querida crush: eu sou mto boiola por vc pUTa merda eu te amo dms caralho vai se foder voce eh a mulher mais gostosa‚Ä¶ https://t.co/p23GoGIgiu,342,-0.020000000000000007,0.62,Negativo
4901003445,lineestevess,vai se fuder arrombado de merda brincadeira de mal gosto do caralho um filho da puta foi brincar de moto falando pr‚Ä¶ https://t.co/vfFRv32ufu,734,-0.45999999999999996,0.6533333333333333,Negativo
1157767165057089536,LaisMarais,CRIAN√áA FILHA DUMA PUTA EU SO FUI NO BANHEIRO E A PORRA DA CRIAN√áA FOI NO MEU QUARTO E MEXEU NO MEU COMPUTADOR  QUE ODIO VAI SE FUDER,1941,-0.5333333333333333,0.7000000000000001,Negativo
2743457307,tenshimyoui,"mano, o que leva uma pessoa a ROUBAR a ideia que vc e seu grupo teve e elaborou desde a primeira semana de aula pra‚Ä¶ https://t.co/S72lKvcTj7",14888,0.175,0.31666666666666665,Positivo
1198664878162161664,_sapatoona,@futurizando_ vira essa boca pra l√° seus filho da puta voc√™s tem que ter no√ß√£o do que postam tem gente que passa ma‚Ä¶ https://t.co/wfdFgVV3SL,1570,0.25,0.25,Negativo
1003358805500026881,eeeduardaa,VOU FICAR QUE NEM MEU NAMORIDO* RECLAMANDO DE TUDO NO TWITTER A PRIMEIRA DE HOJE √â: CONTAS FAMOSAS QUE FAZEM AN√öNCI‚Ä¶ https://t.co/j7NVeyfwfA,51,0.375,0.6666666666666666,Positivo
1230947800109797378,laracp28,UM DIA CHEIO DE EMO√á√ïES PRA UMA HARRIE EM COLAPSO  GOLDEN T√Å VINDO CARALHO A CAPA DESSA M√öSICA T√Å T√ÉO PERFEITA QUE‚Ä¶ https://t.co/dyb4mA8sTJ,55,0.3125,0.6625,Positivo
1258430167338422273,mistofritinho,Que ideia de girino. Vai se fuder escola filha da puta,630,-0.4,0.6,Negativo
1230947800109797378,laracp28,UM DIA CHEIO DE EMO√á√ïES PRA UMA LOUIE EM COLAPSO ELE T√Å DE LONG HAIR PUTA QUE ME PARIU VAI TOMAR NO CU  QUE HOMEM P‚Ä¶ https://t.co/8ecOrZWUEk,55,-0.175,0.5625,Negativo
813063862652203008,pitokkkk,porra de √¥nibus filha da puta ta tudo dando errado hj nao aguento mais ia ser perfeito mas olha s√≥ √© o pedro ne o p‚Ä¶ https://t.co/u7NMPv9LdT,47,-0.03333333333333336,0.9,Negativo
1175560356514729985,guzinho_3,Da pra voc√™ PARAR DE FALAR QUE ME AMA puta merda vai se fuder,190,-0.03333333333333335,0.6666666666666666,Negativo
1085676227946520576,vantaehyart,"""√© tranquilo""  uhum, experimenta sentir a c√≥lica insuport√°vel que eu t√¥ aqui, o corpo inteiro doendo, n poder nem e‚Ä¶ https://t.co/yanypqaNR4",424,0.1,0.3666666666666667,Positivo
1129536701226004480,bbyjm_love,Se matarem o filho da puta vai ser arriscado APESAR DE EU QUERER QUE MATE https://t.co/VGR4tB5ayA,5766,0.0,0.0,Negativo
4463148345,sanstarsz,PARA O FILHA DA PUTA APAGA ISSO AGORA VC NAO SABE O PESO DE SUAS PALAVRAS NAO FALE ISSO NUNCA MAIS CORNO VAGABUNDO‚Ä¶ https://t.co/9jPCxx2G0N,1509,-0.2,0.35,Negativo
1103500217092067328,Cristia90191822,A merda jogada no ventilador √© Foda que porra de Democracia √© Essa a onde o cara vai ter que ficar Ligado se n√£o ve‚Ä¶ https://t.co/iq8S6uquXb,346,-0.4000000000000001,0.7333333333333334,Negativo
1292940066189463552,bryanthelight,@julysgrazer vai se fuder filha da puta do caralho que √≥dio,237,-0.5333333333333333,0.7000000000000001,Negativo
1198726760424263681,heloisa49277151,""" pais sao crian√ßas assim como nos üòçüòçüòçüòç     "" quero que se foda filho da puta tenha responsabilidade de no m√≠nimo n‚Ä¶ https://t.co/Uf4kcDnBFC",10,-0.35,0.5,Negativo
1260346282012487687,alvesrodrigo18,Qual seu problema seu filho da puta idiota vai se fuder parece que tem merda na cabe√ßa   De: eu Para: eu,53,-0.4666666666666666,0.8000000000000002,Negativo
108149660,darku_N,Filho da puta CLIENTE DESGRA√áADO DA PORRA me fez subir 4 vezes no estoque pq tava indeciso no jogo que queria levar vai se fuder,131,-0.5,0.675,Negativo
4406689277,SYXLEGEND,"@1taykee @jhonyyfps mlk filho da puta,puta que pariu vai se foder todo dia essa desgra√ßa verme do caralho meu deus‚Ä¶ https://t.co/GDPU7mF7nb",406,-0.6,0.75,Negativo
889215581433602048,blsckbeakr,aquela bafuda q se chamava de bff da joey: quero que ela v√° pra puta que pariu e que morra junto com o trio de bran‚Ä¶ https://t.co/MgnSMDWatq,2207,-0.07500000000000001,0.45,Negativo
2841166635,jagzeaugusto,"@JovemPanNews Constantino, vagabundo. Esse v√≠rus poderia ter vindo do cu de sua puta, do cu da puta que te pariu, d‚Ä¶ https://t.co/pkKtdV6ocD",2,0.0,0.0,Negativo
2803564883,otakursennin,puta filha da puta que susto do caralho vai se fude me mama desgra√ßado,1706,-0.4,0.6,Negativo
940079753750388738,j_pak31,VAI TOMAR NO CU PRIVATIZA O SEU CU FILHO DA PUTA QUE ODIO VAI SE FODEEEER MANOO QUE POVO BURRO ENFIOU 100 MILHOES D‚Ä¶ https://t.co/nykgRkBt7T,482,-0.8,0.9,Negativo
1317985899075014656,ourlouistbrave,vao tomar no cu bando de desocupado do caralho vai pra puta que pariu porra inferno meu deus que odio vai se fuder‚Ä¶ https://t.co/k4btWrxhn7,332,-0.7,0.8500000000000001,Negativo
1219323484523892737,cidadaokayne,nunca esse filho da puta vai se desfazer do mal que causou. eh da√≠ pra baixo https://t.co/yl4Qjwc623,120,-0.5777777777777778,0.6444444444444445,Negativo
1103500217092067328,Cristia90191822,@liberdade_ldr Para voltar a Sen√°rio Maia Abra√ßa o  Capeta Achando que o povo vai se Render vamos ver o Maia ter co‚Ä¶ https://t.co/XoDIBOQcao,346,0.0,0.0,Neutro
1266894469107982336,belszx_,"mensagem para:  1. te amo e t√¥ com saudade 2. f√© pra tu a√≠ par√ßa 3. ??? 4. voc√™s s√£o absolutamente tudo na p mim, o‚Ä¶ https://t.co/R3WnBUJVPm",82,0.35,0.75,Positivo
199724208,claytovarela,@Brunozor garoto se eu te pego eu sento tanto nesse teu pau rosado vc vai gemer tao alto que o som vai ultrapassar‚Ä¶ https://t.co/0Vkn7JiIFB,1815,0.15000000000000002,0.42500000000000004,Positivo
1246540735287099392,qcieI,CARA QUE HUMILHACAO BANDO DE FILHO DA PUTA DO CARALHO N OLHA ESSA MERDA DE MAPA VAI SE FUDER O TEMPO TD TENDO Q IR‚Ä¶ https://t.co/w8z4sC2PiV,36,-0.3333333333333333,0.6666666666666666,Negativo
813789258842574848,sailoorhyuck,oh vai se fuder hein como tu √© gato hein puta que pariu hein homem bonito da porra hein que √≥dio te amo https://t.co/2hyvQmPp4F,1057,-0.325,0.8250000000000001,Negativo
1264806697866014721,VanteHttp,"SUA VELHA FUDIDA DO CARALHO, ARROMBADA NAO DA UMA AULA DECENTE E DA &gt;&gt;45&lt;&lt; EM UM TRABALHO VAI SE FODER QUE √ìDIO EU‚Ä¶ https://t.co/20cdUWceHo",1797,0.0,0.0,Negativo
1289546598859538432,kiIl4gon,"mano de verdade quem foi o filho da puta que colocou um jumpscare na timeline, mano eu espero que voc√™ se foda de u‚Ä¶ https://t.co/TmbJjoXtij",1248,-0.1,0.45,Negativo
1211980537629249542,Beastardize,"Caralho, eu ODEIO √©poca de elei√ß√£o, vai se foder com seus carros aleg√≥ricos e propagandas cara, da vontade de chega‚Ä¶ https://t.co/pgI1gqaMy9",634,-0.5333333333333333,0.7000000000000001,Negativo
1255358633107435527,candyofjimin,E EU PWRGUNTEI CARALHO? NAO KERGUNTEI PORRA QUE ODIO EU NAO TE PERGUNTEI BUCETA CALA A PORRA DA BOVA QUE EU NAO PER‚Ä¶ https://t.co/TDX88CyybK,488,-0.6,0.75,Negativo
919089720734478336,stxeaton,motorista filho da puta mano como √© q tu resolve atravessar a rua &gt;&gt; olhando s√≥ p 1 lado &lt;&lt; ainda mais c a preferen‚Ä¶ https://t.co/WiJBqihDSS,1493,0.0,0.0,Negativo
1267520151655796737,LucasTennysonDC,"@andrewsgarfld Esse quadro √© s√≥ uma forma dele e mostrarem a bunda da B√°rbara, puta que pariu, essa porra n√£o faz o‚Ä¶ https://t.co/b0VoARoxT1",259,-0.2,0.8,Negativo
