ID,Usu√°rio,Tweet,Seguidores
1274801038323781644,sadiehfly,O Filho De Netuno √© simplesmente perfeito e uma das melhores partes √© ver a morte chamando as Portas da Morte de Po‚Ä¶ https://t.co/TYMsOTaErs,268
911037370513985536,fwrlann,"N√£o gosto de voc√™ desde 2014 mlk filho da puta falso, te amo irm√£o se cuida",208
934265985263112193,baesseullie,"√â isso cara, eu n sei viver mais sem ateez, respirar sem ateez, eu n√£o sou ningu√©m se eu n√£o for atiny √© isso mt ob‚Ä¶ https://t.co/esPBdMcGnL",1694
788853785900773377,TainaraaNuness,"2 meses que minha vida ganhou sentindo, dois meses que meu mundo ganhou cor e vida. Filho, eu te amo mais que tudo,‚Ä¶ https://t.co/QTpQKpUjSU",2166
1207890585803251712,Niconeroo,"Esse filho da puta desgra√ßado do caralho quase me matou do cora√ß√£o   Essa cena tem um peso enorme, pois √© nela que‚Ä¶ https://t.co/lYwOg3WGkN",6497
1233823580967899136,joonmino,taecyeon se estiver lendo saiba que eu te amo e que eu lembro de vcs prometerem tentar refazer aqueles desafios da‚Ä¶ https://t.co/ev0BtZJllx,534
1251527689263079424,LeandroMonteAl1,"""EU TE AMO BRASIL"" VERAZ QUE UM FILHO TEU N√ÉO FOGE A LUTA  Mas, se ergues da justi√ßa a clava forte, Ver√°s que um fi‚Ä¶ https://t.co/7yHNKvmml1",12
1225078040327225345,Sxx1xx3r,como pode um filho da puta como o Neruda se expressar t√£o bem? amo versos amargos como ‚Äúe de tanto n√£o responder te‚Ä¶ https://t.co/Ov4oJl969p,69
944254897456861184,rhayssinhaaaaaa,meu deus eu AMO quando o twitter se junta pra comer o cu de filho da puta eu juro geral come√ßou a mandar travazap K‚Ä¶ https://t.co/PoLqORN8ZH,195
475521778,RodrigoMaiaSSS,"Uma m√£e faz tanta falta da vida de um filho, sinto tanta falta da minha que tem dias que o cora√ß√£o s√≥ n√£o falta agu‚Ä¶ https://t.co/0cC1D79rlN",1248
1285322978708815874,inThhrOs,"terminei ""a rainha vermelha"" e  ‚Ä¢maven √© um grande filho da puta ‚Ä¢cal, eu te amo, desculpa o hate por causa de ship‚Ä¶ https://t.co/DTDVAT80Qe",56
1187162753741524992,duda9912,abre seu peito e ve se me escuta EU TE AMO SEU FILHO DA PUTA,379
433571650,Nammiotto,"Eu falo o tempo todo que amo o Stefan e que ele e a Elena s√£o perfeitos, por√©m ctz que se fosse comigo eu escolheri‚Ä¶ https://t.co/vtQmVQZnrX",190
228407678,troutymouth,Esse ano eu vou ser um baita de um filho da puta pra poder lidar com as coisas que to lidando. N√£o vou ter emociona‚Ä¶ https://t.co/csVV0tVbDl,1192
1194695145632993280,SUSTENTA15,N√£o adianta tu pode ser a mulher mais foda do mundo a m√£e do filho dele o primeiro amo a melhor na camava √∫nica que‚Ä¶ https://t.co/eH8Frwiy3I,140
1034660763754016768,havingablast80,"Inclusive tomar caf√© coado no pano me faz sentir muitas saudades de ir pra Guarapuava, na casa do tio Vardo. Todo m‚Ä¶ https://t.co/HlVYgwtX76",92
1241933515131944962,isis_dresch,Expectativa / Realidade -  Tirando fotos bonitas / Esperando √¥nibus na paulista 1 da manh√£ (Pelo menos a gente se d‚Ä¶ https://t.co/M4l0sWTARs,21
4085542067,Roana083,"pq tu √© o meu nen√©m,eu brigo msm, bato msm, arrasto pra casa na marra, tomo a chave da moto, jogo bebida fora, trat‚Ä¶ https://t.co/CBE9xoYCH9",1523
1083215834921750528,peacebangone,FILHO DA MAE DESGRA√áADO VC TEM NO√á√ÉO DO QUANTO SUA CARA FAZ FALTA?????? DO QU√ÉO PREOCUPADOS A GENTE FICA COM VC????‚Ä¶ https://t.co/NpB0zVXXBa,334
1202996418635587587,Shaay080502,"Hoje √© o dia do meu melhor amigo caralhooooo, a se ele soubesse o quanto esse filho da puta e importante pra mim e‚Ä¶ https://t.co/PMDffwMmt0",331
1184359080879677443,ggukihy,FILHO DA PUTA DESGRA√áADO DO CARALHO ME COME SEU FUDIDO ME COME SE VC TEM CORAGEM QUERO SENTAR NO TEU PAU POR 35 HOR‚Ä¶ https://t.co/AfyY5GFfZm,520
1285431519583047680,afkjulinha_,amo cada mordida e cada patada desse diabinho  e se voc√™ machuca animais saiba que eh um arrombado filho da puta https://t.co/2ZTPr5qFpo,4
291236541,LucaSnivy,dei penta pro fdp do @vulgogago e ele nem se quer me agradeceu bastardo filho da puta eu te amo,361
1234262619613286400,bielly_rqnh0,"Meu irm√£o  pode ser o pior filho  da puta, podemos brigar  ou at√© mesmo parar de se falar, mais n√£o me imagino pass‚Ä¶ https://t.co/XdQ6yCqCy1",273
88223936,vickmassad_,"@Elson_Tope Voc√™s homens acham que tem o direito de nos magoar e de nos iludir, a√≠ falam ‚Äúvoc√™s que se iludem sozin‚Ä¶ https://t.co/NW47GktI4U",1946
4724199562,tgoesl,"perdoa a m√£ezinha meu filho. te amo pra sempre, obrigada pelos momentos mais lindos que tivemos, por sempre me espe‚Ä¶ https://t.co/o92HiWdyKa",27
1255505750409043968,TodorokiSatanic,@_Kiribaby Mds algu√©m realmente se importa com oq eu posto na timeline?üò≠ N tenha vergonha amigo pode me chamar de f‚Ä¶ https://t.co/jUOYgwsibV,205
1282433635963084802,cratyv,filho da puta.vai se fode eu te amo demais vc eh tudo pra mim eu odeio como vc consegue ser perfeitovfms eu te amo‚Ä¶ https://t.co/nXVz4s3xBW,360
1266381354205351937,sadmoshero,"Feliz dia do "" vai se fud√™ filho da puta, te amo """,109
1184301926797758465,jaesilky,@mendestywles vIADONA a gente se congece a 7 anos ne feliz dia do amigo sua gay te amo inclusive sobre a blusa eu v‚Ä¶ https://t.co/CJmlSPSxkd,4195
1146571783056891911,pabsgabriel,"Algu√©m sabe me informar se a s√©rie ""Boca a Boca"" √© uma produ√ß√£o brasileira? A faixa sonora principal da s√©rie √© ""Te‚Ä¶ https://t.co/TkuuhJYJVX",163
2778949558,prncs_9,mensagem para:  1. Eu juro que eu presto 2. A fila t√° grande 3. A minha promessa √© te fazer feliz  4. Saudades dos‚Ä¶ https://t.co/ZCfn8m46eD,2244
1241190780078829571,Min04898769,"Se eu vejo a algu√©m da bh na rua,eu meto-lhe o dedo no cu.Mas que desgra√ßa num se toca que √© 7 membros e que n√£o e‚Ä¶ https://t.co/E3tMIa627F",334
291236541,LucaSnivy,aaaaaaaaaaaaaaaaaaaaaaaaaaaaaaaaaaaaaaaaaaaaaaaaaaaaaaaaaaaaaaaaaaaaaaaaaaaaaaaaaaaaaaaaaaaaaaaaaaaaaaaaaaaaaaaaaaa‚Ä¶ https://t.co/X1eJBBjX08,361
827908536403386369,blararara,saudades de dar rol√™ no mercado sem se preocupar com um v√≠rus filho da puta ü¶†,205
1211789983788326913,freddievocals,"@xansszz Bando de filho da puta, se eu for pensar igual a eles, eu t√¥ fudida. Eu n√£o vou por as pessoas que eu amo‚Ä¶ https://t.co/g3ebarGRWv",8715
4514958399,swtunbutera,"@llucasscardoso feliz dia p esse filho da puta q s√≥ enche a porra do meu saco, mas q eh importante p mi tb  sim vc‚Ä¶ https://t.co/gBxyOgwTr8",2102
218648473,dakobloody,"mensagem para:  1. ent√£o pode ir, e vai mesmo   2. tamo junto, mas cala a boca  3. n√£o demore, mas n√£o se apresse 4‚Ä¶ https://t.co/IN6Yi1ASmQ",4757
1232120291217805315,raffzs,"Miguel fazendo 1 aninho e parece que foi ontem q eu fui conhecer ele no hospital. Era t√£o pequeninho, me apaixonei‚Ä¶ https://t.co/BM9AHUW57Y",222
1230224413586526209,manuelozeles,FILHO DA PUTA DESGRA√áADO SIM EU SOU COMPLETAMENTE RENDIDA POR VOC√ä EU FICO TRISTE SE EU N√ÉO FALO COM VOC√ä EU SINTO‚Ä¶ https://t.co/naG5WUGnhe,362
1052333973492256773,LayMazetto,"Se tem uma amizade q eu n me arrependo, √© da minha e o @xexeira   A pag de meme dessa desgra√ßa me faz feliz nos meu‚Ä¶ https://t.co/PKw0ERj7jR",163
1279985811698651136,lilbala2,@severo_HD Amo o conceito de m√£e favelada que se xinga chamando o filho de filho da puta,6
1059092811360931840,Vante_Girassois,@viskmah Calma e o caralho porra eu te amo desgra√ßa eu √± te conhe√ßo pessoalmente mas espera essa pandemia acabar pr‚Ä¶ https://t.co/6UtPD9HK9H,205
285940197,mandalamerda,@gabibarreto__ Voc√™ apaixonada por homem hetero que n√£o √© imbecil... Eu amo. Se esse filho da puta vacilar eu levo sorvete e chocolate.,139
1176893831163404288,PreeRogerio,üê∂üê∂üê∂Meu melhor amigo se foi em 2017. Mas sei que est√° me protegendo l√° de cima. Virou meu Anjo da Guarda. üò≠üò≠üò≠ TE AMO FILHO üê∂,73
1261168058262904832,BarbiBatterflai,"@xcosmicvictor voc√™ √© meu irm√£ozinho filho da Puta que vive sumindo mas que eu amo mesmo assim, obrigada por ser le‚Ä¶ https://t.co/j0Q98R8zP6",989
1279413696947773440,raixjc,se fosse em outro estado j√° estariam gritando falando q ela maltrata a crian√ßa kkkkkk amo q pelo RJ toda crian√ßa te‚Ä¶ https://t.co/FBOHeV4ed0,205
1001671050223079425,matheustante,Eu amo que se fosse a minha v√≥ ela ia falar ‚Äúgaroto filho da puta t√° na sua m√£o‚Äù kkkkkkkk de um jeito super fofo ‚ù§Ô∏è‚Ä¶ https://t.co/JY9btZRT3q,599
185047869,RodrigoMoises_,"S√≥ de pensar que m√™s que vem vou pra Goi√¢nia e ficar uma semana l√° com o Barsotti, se louco. Mo saudades desse filho da puta",546
1283214855550504962,GaltaxB,"@FGodrj Carisma tamb√©m, acho a pe√ßa fundamental para um vil√£o cumprir o objetivo e depois se revelar um filho da pu‚Ä¶ https://t.co/rQaGVlr51n",136
1253708663094730753,AgarPeh,"boy eu amo thiago, puta que pariu, o filho da puta se mete em cada boca quente... e o melhor ele vem correndo me contar as disgra√ßa",39
1083857799212343296,Littlx_shine,"se algu√©m nn pagar uma terapia braba pro Sanha at√© o final dessa au eu dropo, mds, despiroca filho, tira o pau do s‚Ä¶ https://t.co/HxqNXiDrTr",193
3121457703,thaleshxz,"@estevesdiasmaia @SantooosMaria Mas a gente se odeia.. Zueira, te amo filho da puta skksksksk",565
1262485779407831046,gioopernambuco,Time de fudido do caralho eu odeio brocador vai tomar no cu filho da puta at√© eu jogando faria aquele gol sincerame‚Ä¶ https://t.co/VuGt1SGVxS,640
735092522,lilixviana,HERNANE FILHO DA PUTA TE AMO VAI SE FUDEEEEEE,456
4101563307,_paulinhapaes,Minhas melhores amigas trabalhando na linha de frente contra esse inferno de covid.. S√≥ quero matar cada filho da p‚Ä¶ https://t.co/3LHGu64BUS,184
1138922517622599680,hwallbffz,SE EU TE ENCONTRO NA RUA EU TE DES√áO A PORRADA VIADINHO P√ÉO COM OVO DO CARALHO EU TE AMO FILHO DA PUTA QUE INFERNO‚Ä¶ https://t.co/qW5HAom7sg,275
